commented,name,file_name,os_grid_code,ukng_easting,ukng_northing,source_of_my_temperature_values,source_of_my_conductivity_values,other_sources,max_depth_borehole(m),temperature?,burley1984_temp_type,rollin1987_temp_type,type_temp,number_uncorrected_temp_measurements,number_corrected_temperature_measurements,max_depth_temp(m),conductivity?,number_conductivity_measurements,max_depth_conductivities(m),year_of_drilling,year_of_measurements,name_repeated,L19_name,SOBI_name,SOBI_code,B84_name,BGS_ref(ID),BGS_scan_link,UKOGL_name,UKOGL_code,UKOGL_well_tops,OGA_code,TGS_name,CGG_name,have_well_logs?,B84_k_HF_nT_listed_source,B84_nk,B84_nT_listed,B84_HF(mW/m2),B84_Tsource,B84_HF_to_plot(mW/m2),Notes,UKOGL_code,UKOGL_well_tops?,name_repeated,"Well logs from UKOGL, BGS borehole scans?",BGS_well_log_database?,BGS_confidential?,UKOGL_archive_documents?,TGS_well_logs?,stratigraphic_logs,,,,,,,,,,,,,,,,
,Rowlands Gill,rowlands_gill,NZ,416634,558141,Gebski1987,Gebski1987,,,y,,EQM,,79,,237,y,61,242,,1986,Rowlands Gill,Rowlands Gi,,,,NZ15NE276 (813881),http://scans.bgs.ac.uk/sobi_scans/boreholes/813881/images,,,,,,,,,,,,,,,,n,Rowlands Gill,none,"sp, dens, zgx2, neut, sonic, zgex, gamma, res, cali",n,n,,,,,,,,,,,,,,,,,,
,Longhorsley No. 1,longhorsley,NZ,414442,592553,Gebski1987,Gebski1987,,,y,,BHT,BHT,5,,1829,y,111,1829,,1986,Longhorsley No. 1,Longhorsley,,,,NZ19SW6 (607680),https://shop.bgs.ac.uk/Shop/search/boreholeIndex/ID/q/607680,LONGHORSLEY 1,000628,https://ukogl.org.uk/map/php/well_tops.php?wellId=628,L34/22- 1,,,Yes - from BGS,,,,,,,,,y,Longhorsley No. 1,,n,,,,ukogl_well_tops,,,,,,,,,,,,,,,,
,Tocketts No. 1,tocketts,NZ,463125,518028,Bullard1951,,,,y,EQM,,,14,,906,y,2,,1945,1946,Tocketts No. 1,TOCKETT,,,TOCKETTS,NZ61NW6 (629896),Confidential,TOCKETTS BH,,,,,,,BN,,,49,BN,49,,004175,y,Tocketts No. 1,,n,y,y,,ukogl_well_tops,,,,,,,,,,,,,,,,
,Kirkleatham No. 1,kirkleatham_no1,NZ,458790,521270,Bullard1951,Bullard1951,burley1984_pg44_from_161,,y,EQM,,,21,,935,y,10,,1945,1948,Kirkleatham No. 1,KIRKLEA,KIRKLEATHAM 1,,KIRKLEATHAM 1,NZ52SE6 (796665),http://scans.bgs.ac.uk/sobi_scans/boreholes/796665/images,KIRKLEATHAM 1,,,,,,,BN,,,48,BN,48,,000644,y,Kirkleatham No. 1,"porosity, resistivity",n,n,y,,ukogl_well_tops,,,,,,,,,,,,,,,,
,Kirkleatham No. 1,kirkleatham_no1,NZ,458790,521270,"""01 - Exploration Wells_KIRKLEATHAM 1_KIRKLEATHAM 1_Petroleum Engineering File.pdf""",,,,y,BHT,,,,,,n,,,,,Kirkleatham No. 1,KIRKLEA,KIRKLEATHAM 1,,KIRKLEATHAM 1,NZ52SE6 (796665),http://scans.bgs.ac.uk/sobi_scans/boreholes/796665/images,KIRKLEATHAM 1,,,,,,,BN,,,48,BN,48,,000644,y,Kirkleatham No. 1,"porosity, resistivity",n,n,y,,ukogl_well_tops,,,,,,,,,,,,,,,,
,Kirkleatham No. 2,kirkleatham_no2,NZ,459232,523763,"""01 - Exploration Wells_KIRKLEATHAM 2_KIRKLEATHAM 2_Petroleum Engineering File.pdf""",,,,y,,,DST,12,,859,n,,,1946,1946,Kirkleatham No. 2,,,,,NZ52SE8 (796667),http://scans.bgs.ac.uk/sobi_scans/boreholes/796667/images,KIRKLEATHAM 2,,,,,,,,,,,,,,,y,Kirkleatham No. 2,none,n,n,y,,ukogl_well_tops,,,,,,,,,,,,,,,,
,Kirkleatham No. 3,kirkleatham_no3,NZ,458456,521893,"""01 - Exploration Wells_KIRKLEATHAM 3_KIRKLEATHAM 3_Drilling & Petroleum Engineering File.pdf""",,,,y,,,BHT,1,,679,n,,,1963,1963,Kirkleatham No. 3,,,,,NZ52SE52 (796777),http://scans.bgs.ac.uk/sobi_scans/boreholes/796777/images,KIRKLEATHAM 3,,,,,,,,,,,,,,,y,Kirkleatham No. 3,none,n,n,y,,ukogl_well_tops,,,,,,,,,,,,,,,,
,Woodland,woodland,NZ,409140,527630,Mills1968,Bott1972,BGS does not have temperature log in its digital log database,,y,,EQM,,4,,488,yn,,,,1962,Woodland,WOODLAND,,,WOODLAND,NZ02NE4 (631421),http://scans.bgs.ac.uk/sobi_scans/boreholes/631421/images,,,,,,,,BOT,27,4,96,BOT,96,,010409,y,Woodland,none,"gamma, medres",n,n,,ukogl_well_tops,,,,,,,,,,,,,,,,
,South Hetton,south_hetton,NZ,438120,545250,Everett1872_fifth_report_pg132to133 and Everett1873_sixth_report_pg254,,Anderson1940 and Bott1972,,y,EQM,,,7,,529,n,,,1869,1872,South Hetton,S.HETTON,,,SOUTH HETTON,NZ34NE38 (BHC_726222),,,,,,,,,AND%BOT,,7,58%61,BAR,61,thermal conductivites measured but raw values not reported - just means for different lithologies,,n,South Hetton,na?,na?,na?,na?,,,,,,,,,,,,,,,,,,
,Boulby Mine Shaft No. 1,boulby_mine,NZ,476100,518400,England1980,Richardson1978,Richardson1978,,y,EQM,,EQM,2,,1087,yn,27?,,1969,?,Boulby Mine Shaft No. 1,BOULBY,BOULBY MINE NO. 1 SHAFT,,BOULBY,NZ71NE23 (620328),,BOULBY MINE SHAFT 1,,,,,,,OX2%OX4,27,2,47,OX4,47,Do not have original k values - England1980 only gives averages. Values will hopefully be in Oxburgh report? Were measurements of England1980 taken in Boulby Mine Shaft No. 1?,004834,y,Boulby Mine Shaft No. 1,none,n,n,n,,ukogl_well_tops,,,,,Were measurements of England1980 taken in Boulby Mine Shaft No. 1?,,,,,,,,,,,
,Whitley Bay,whitley_bay,NZ,434980,574850,Burley1984currently_pg43_from_161,,Safari Oil; cannot find BHT in available reports,2015,y,BHT,,,1,,1052,n,,,1967,1967,Whitley Bay,,WHITLEY BAY 1,,WHITELEY BAY,NZ37SW56 (803622),http://scans.bgs.ac.uk/sobi_scans/boreholes/803622/images,,000629,https://ukogl.org.uk/map/php/well_tops.php?wellId=629,L34/28- 1,,,,,,,,SAF,,,000629,y,Whitley Bay,check,n,n,y,,ukogl_well_tops,,,,,,,,,,,,,,,,
,Throckley No. 1,throckley,NZ,414560,567620,Burley1984currently_pg43_from_161,,IGS; BGS does not have temperature log in its digital log database,,yn,LOG,,,1?,,591,n,,,,1965,Throckley No. 1,,THROCKLEY,,THROCKLEY NO. 1,NZ16NW45 (724700),http://scans.bgs.ac.uk/sobi_scans/boreholes/724700/images,THROCKLEY BH,,https://ukogl.org.uk/map/php/well_tops.php?wellId=4276,,,,,,,,,BGS,,,004276,y,Throckley No. 1,check,"gamma, sonic",n,n,,ukogl_well_tops,,,,,,,,,,,,,,,,
,Boldon Colliery,boldon_colliery,NZ,434640,562230,Everett1877_tenth_report,,Burley1984currently_pg45_from_161,,y,CFM,,,2,2,1514,n,,,,1866,Boldon Colliery,,,,BOLDEN COLLIERY,NZ36SW20 (840698),http://scans.bgs.ac.uk/sobi_scans/boreholes/840698/images,,,,,,,,,,,,BAR,,,,n,Boldon Colliery,,n,,,,,,,,,,,,,,,,,,,,
,Harton Dome No. 1,harton_dome,NZ,439660,565620,Burley1984currently_pg44_from_161,,GEOCH BP,BGS do not have digital logs for Harton.,yn,LOG,,,4?,,1768,n,,,,1960,Harton Dome No. 1,,HARTON DOME 1,,HARTON,NZ36NE80 (923323),http://scans.bgs.ac.uk/sobi_scans/boreholes/923323/images,HARTON DOME 1,000631,https://ukogl.org.uk/map/php/well_tops.php?wellId=631,L40/04- 1,,,,,,,,B.P,,,000631,y,Harton Dome No. 1,"standard electric, microlog, caliper log, gamma ray log, graphic log",n,n,y,,ukogl_well_tops,,,,,,,,,,,,,,,,
,Harton Dome No. 1,harton_dome,NZ,439660,565620,"pg3to16of30 in ""HARTONDOME1_PetroleumEngineeringReport.pdf""",,GEOCH BP; Burley1984currently_pg44_from_161,,y,DST ,,,1,,1322,n,,,,1960,Harton Dome No. 1,,HARTON DOME 1,,HARTON,NZ36NE80 (923323),http://scans.bgs.ac.uk/sobi_scans/boreholes/923323/images,HARTON DOME 1,000631,https://ukogl.org.uk/map/php/well_tops.php?wellId=631,L40/04- 1,,,,,,,,B.P,,,000631,y,Harton Dome No. 1,"standard electric, microlog, caliper log, gamma ray log, graphic log",n,n,y,,ukogl_well_tops,,,,,,,,,,,,,,,,
,Eskdale No. 12,,NZ,485700,508200,Burley1984currently_pg44_from_161,,BP,,yn,LOG,,,4?,2?,1695,n,,,,1963,Eskdale No. 12,,,,ESKDALE NO.12,,,,,,,,,,,,,,B.P,,,,,Eskdale No. 12,,,,,,,,,,,,,,,,,,,,,,
,Eskdale No. 12,,NZ,485700,508200,Burley1984currently_pg44_from_161,,BP,,y,BHT,,,1,,1873,n,,,,1963,Eskdale No. 12,,,,ESKDALE NO.12,,,,,,,,,,,,,,B.P,,,,,Eskdale No. 12,,,,,,,,,,,,,,,,,,,,,,
,Seal Sands,seal_sands,NZ,453800,523800,Burley1984currently_pg43_from_161,,,BP archive reports; TGS scans,yn,BHT,,,1,,4170,n,,,1974/1975,1975,Seal Sands,,,,SEAL SANDS,NZ52SW308 (917593),,SEAL SANDS 1,,,,SEAL SANDS 1,,,,,,,MON,,,003035,y,Seal Sands,,n,n,y,,ukogl_well_tops,,,,,,,,,,,,,,,,
,Staithes No. 1,staithes_no1,NZ,476950,518513,Burley1984currently_pg42_from_161,,ICI. BGS do not have any digital logs for this well.,,yn,LOG,,,1?,,1173,n,,,,1962,Staithes No. 1,,,,STRAITHES NO.1,NZ71NE9 (620314),http://scans.bgs.ac.uk/sobi_scans/boreholes/620314/images,,,,,,,,,,,,ICI,,,000669,y,Staithes No. 1,"Induction electric log, sonic log, gamma ray log, microlog caliper, cement bond log, temperature log",n,n,y,,ukogl_well_tops,,,,,,,,,,,,,,,,
,Newton Mulgrave No. 1,newton_mulgrave,NZ,477390,513600,Burley1984currently_pg43_from_161,,BP,,y,DST,,,3,,1476,n,,,,1965,Newton Mulgrave No. 1,,,,NEWTON MULGRAVE,NZ71SE3 (615207),,NEWTON MULGRAVE 1,,,,,,,,,,,B.P,,,000668,y,Newton Mulgrave No. 1,"Induction electric log, sonic gamma ray caliper, microlog caliper",n,n,y,,ukogl_well_tops,,,,,,,,,,,,,,,,
,Ugthorpe ,ugthorpe,NZ,481420,511710,Burley1984currently_pg45_from_161,,Whitby Potash: BGS do not have temperature logs in non-confidential digital log database,,yn,LOG,,,1?,,1390,n,,,1968,1968,Ugthorpe ,,A.17 UGTHORPE,,UCTHORPE A19,NZ80NW19 (623096),http://scans.bgs.ac.uk/sobi_scans/boreholes/623096/images,,,,,,,,,,,,W P,,,,n,Ugthorpe ,none,n,n,n,,,,,,,,,,,,,,,,,,
,Sleights A14,,NZ,482800,508300,Burley1984currently_pg45_from_161,,ACI,,yn,LOG,,,1?,,1369,n,,,,1962,Sleights A14,,SLEIGHTS A14,,SLEIGHTS A1,,,,,,,,,,,,,,ACI,,,,,Sleights A14,,,,,,,,,,,,,,,,,,,,,,
,Eskdale No. 11,,NZ,485440,504240,Burley1984currently_pg44_from_161,,,,y,BHT,,,1,,1481,n,,,,1958,Eskdale No. 11,,ESKDALE 11,,ESKDALE NO.11,,,ESKDALE 11,,,,,,,,,,,B.P,,,,,Eskdale No. 11,,,,,,,,,,,,,,,,,,,,,,
,Egton Moor No. 1,,NZ,476960,502790,Burley1984currently_pg45_from_161,,,,y,BHT,,,2,,1633,n,,,,1969,Egton Moor No. 1,,,,EGTON MOOR,,,EGTON HIGH MOOR 1,,,,,,,,,,,B.P,,,,,Egton Moor No. 1,,,,,,,,,,,,,,,,,,,,,,
,Ralph Cross No. 1,,NZ,467590,502430,Burley1984currently_pg43_from_161,,,,y,BHT,,,2,,1632,n,,,,1966,Ralph Cross No. 1,,RALPH CROSS 1,,RALPH CROSS,,,RALPH CROSS 1,,,,,,,,,,,HOC,,,,,Ralph Cross No. 1,,,,,,,,,,,,,,,,,,,,,,
,Robin Hood's Bay No. 1,,NZ,494780,504030,Burley1984currently_pg44_from_161,,,,y,BHT,,,1,,1638,n,,,,,Robin Hood's Bay No. 1,,ROBIN HOOD'S BAY 1,,ROBIN HOODS BAY ,,,ROBIN HOOD'S BAY 1,,,,,,,,,,,B.P,,,,,Robin Hood's Bay No. 1,,,,,,,,,,,,,,,,,,,,,,
,Yorkshire Potash No. 1,,NZ,492260,508780,Burley1984currently_pg43_from_161,,,,y,BHT,,,1,,1351,n,,,,1967,Yorkshire Potash No. 1,,YORKSHIRE POTASH 1,,YP.1,,,,,,,,,,,,,,Y.P,,,,,Yorkshire Potash No. 1,,,,,,,,,,,,,,,,,,,,,,
,Yorkshire Potash No. 2,,NZ,493990,506370,Burley1984currently_pg43_from_161,,,,y,BHT,,,1,,1264,n,,,,1968,Yorkshire Potash No. 2,,YORKSHIRE POTASH 2,,YP.2,,,,,,,,,,,,,,Y.P,,,,,Yorkshire Potash No. 2,,,,,,,,,,,,,,,,,,,,,,
,Yorkshire Potash No. 3,,NZ,491810,506690,Burley1984currently_pg43_from_161,,,,y,BHT,,,1,,1360,n,,,,1968,Yorkshire Potash No. 3,,YORKSHIRE POTASH 3,,YP.3,,,,,,,,,,,,,,Y.P,,,,,Yorkshire Potash No. 3,,,,,,,,,,,,,,,,,,,,,,
,Yorkshire Potash No. 4,,NZ,492450,508010,Burley1984currently_pg43_from_161,,,,y,BHT,,,1,,1387,n,,,,1970,Yorkshire Potash No. 4,,YORKSHIRE POTASH 4,,YP.4,,,,,,,,,,,,,,Y.P,,,,,Yorkshire Potash No. 4,,,,,,,,,,,,,,,,,,,,,,
,Yorkshire Potash No. 5,,NZ,489570,506850,Burley1984currently_pg43_from_161,,,,y,BHT,,,1,,1311,n,,,,1970,Yorkshire Potash No. 5,,YORKSHIRE POTASH 5,,YP.5,,,,,,,,,,,,,,Y.P,,,,,Yorkshire Potash No. 5,,,,,,,,,,,,,,,,,,,,,,
,Yorkshire Potash No. 6,,NZ,489600,508940,Burley1984currently_pg43_from_161,,,,y,BHT,,,1,,1341,n,,,,1970,Yorkshire Potash No. 6,,YORKSHIRE POTASH 6,,YP.6,,,,,,,,,,,,,,Y.P,,,,,Yorkshire Potash No. 6,,,,,,,,,,,,,,,,,,,,,,
,Yorkshire Potash No. 7,,NZ,494370,507370,Burley1984currently_pg43_from_161,,,,y,BHT,,,1,,1317,n,,,,1970,Yorkshire Potash No. 7,,YORKSHIRE POTASH 7,,YP.7,,,,,,,,,,,,,,Y.P,,,,,Yorkshire Potash No. 7,,,,,,,,,,,,,,,,,,,,,,
,Yorkshire Potash No. 8,,NZ,491510,507920,Burley1984currently_pg44_from_161,,,,y,BHT,,,1,,1413,n,,,,1970,Yorkshire Potash No. 8,,YORKSHIRE POTASH 8,,YP.8,,,,,,,,,,,,,,Y.P,,,,,Yorkshire Potash No. 8,,,,,,,,,,,,,,,,,,,,,,
,Yorkshire Potash No. 12,,NZ,496630,501300,Burley1984currently_pg44_from_161,,,,y,BHT,,,1,,1372,n,,,,1971,Yorkshire Potash No. 12,,YORKSHIRE POTASH 12,,YP.12,,,,,,,,,,,,,,Y.P,,,,,Yorkshire Potash No. 12,,,,,,,,,,,,,,,,,,,,,,
,Hetton Colliery,hetton_colliery,NZ,436000,546900,reports_of_the_commissioners_appointed_to_inquire_into_the_several_matters_relating_to_coal_in_the_united_kingdom_vol2,,Prestwich1886pg72site116; ukng coords from farr spreadsheet - Farr says not to rely on too much,,y,,,CFM?,12,,442,n,,,,,Hetton Colliery,,,,,,,,,,,,,,,,,,,,,,n?,Hetton Colliery,none,n,n,n,,,,,,,,,,,,,,,,,,
,North Seaton Mine,north_seaton,NZ,428903,585951,Everett1883,,Prestwich1886pg87site116; ukng coords from farr spreadsheet - Farr says not to rely on too much. Measurements made beneath the sea.,,y,,,CFM?,1?,,189,n,,,,,North Seaton Mine,,,,,,,,,,,,,,,,,,,,,,n,North Seaton Mine,na?,,na?,na?,,,,,,,,,,,,,,,,,,
,Killingworth,killingworth,NZ,427200,570500,R. Bald in Phil. Jour. P135 (1819),,Prestwich1886pg72site116; ukng coords from farr spreadsheet - Farr says not to rely on too much,,y,,,CFM?,1,,366,n,,,,,Killingworth,,,,,,,,,,,,,,,,,,,,,,n,Killingworth,na?,,na?,na?,,,,,,,,,,,,,,,,,,
,Monkwearmouth Colliery,monkwearmouth,NZ,439300,558000,Prestwich1886 pg 59 of 116. Originally from Phillips (1834). Temperature is temperature of rock but not clear if hole in rock or not,,Everett1882,,y,,,CFM?,1,,483,n,,,,,Monkwearmouth Colliery,,,,,,,,,,,,,,,,,,,,,,n,Monkwearmouth Colliery,na?,,na?,na?,,,,,,,,,,,,,,,,,,
,Percy Main Colliery,percy_main,NZ,432500,567900,R. Bald in Phil. Jour. P135 (1819).,,Prestwich1886 pg 59 of 116,,y,,,,,,274,n,,,,,Percy Main Colliery,,,,,,,,,,,,,,,,,,,,,,n,Percy Main Colliery,na?,,na?,na?,,,,,,,,,,,,,,,,,,
,Newcastle Science Central,newcastle_science_central,NZ,424010,564330,private_file_(Newcastle Deep Final Temp Run to TD.xlsx),,,,y,,,EQM,179218?,,1790,n,,,2011,2012,Newcastle Science Central,,,,,NZ26SW3569 BHO_18946180,https://shop.bgs.ac.uk/Shop/search/boreholeIndex/ID/q/18946180,,,,,,,,,,,,,,,,n,Newcastle Science Central,,n,n,n,,,,,,,,,,,,,,,,,,
%,%,,,,,,,,,,,,,,,,,,,,,%,,,,,,,,,,,,,,,,,,,,,,,%,,,,,,,,,,,,,,,,,,,,,,
,Silloth No. 2,silloth_no2,NY,312410,554380,Wheildon1985,Wheildon1985,,,y,EQM,,EQM,110,,340,y,77,339,1982,,Silloth No. 2,Silloth No.,,,SILLOTH NO.2,NY15SW4 (624263),http://scans.bgs.ac.uk/sobi_scans/boreholes/624263/images/12436457.html,SILLOTH 2 BH,010263,https://ukogl.org.uk/map/php/well_tops.php?wellId=10263,,,,,IC6,77,110,55,IC6%BGS,55,,010263,y,Silloth No. 2,,"res, cali, sonic, dens, gamma, sp, zgex",n,n,,ukogl_well_tops,,,,,,,,,,,,,,,,
,Silloth No. 2,silloth_no2,NY,312410,554380,Burley1984currently_pg42_from_161,,BGS,,y,BHT,,BHT,1,1,351,y,,,1982,1982,Silloth No. 2,,,,,NY15SW4 (624263),,,,,,,,,,,,,,,,010263,y,Silloth No. 2,,"res, cali, sonic, dens, gamma, sp, zgex",n,n,,ukogl_well_tops,,,,,,,,,,,,,,,,
,Becklees,becklees,NY,335166,571578,Wheildon1985,Wheildon1985,BGS maybe has temperature log in its digital log database - unrecognised field listed as zgex,,y,EQM,,EQM,190,,584,y,90,583,,1983,Becklees,Becklees,BECKLEES,,BECKLESS,NY37SE3 (634007),http://scans.bgs.ac.uk/sobi_scans/boreholes/634007/images,,NA,NA,,,,,IC6,90,190,43,IC6%NCB,43,,,n,Becklees,,"gamma, dens, cali, neut, zgex, sonic, ",,,,,,,,,,,,,,,,,,,,
,Becklees,becklees,NY,335166,571578,Burley1984currently_pg42_from_161,,NCB,,yn,LOG,,,1?,,1371,y,,,,1983,Becklees,,,,,,,,,,,,,,,,,,,,,,n,Becklees,,"gamma, dens, cali, neut, zgex, sonic, ",,,,,,,,,,,,,,,,,,,,
,Newbiggin,newbiggin,NY,364820,528820,Gebski1987,Gebski1987,Rollin1987_pg32from93,,y,,,EQM,79,,247,y,33,260,,,Newbiggin,Newbiggin,,,,,,,,,,,,,,,,,,,,,n,Newbiggin,,n,,n,,,,,,,,,,,,,,,,,,
,Dufton,dufton,NY,368530,525030,Gebski1987,Gebski1987,Rollin1987_pg32from94,,y,,,EQM,74,,224,n,,,,,Dufton,Dufton,,,,,,,,,,,,,,,,,,,,,n,Dufton,none,n,n,n,,,,,,,,,,,,,,,,,,
,Shap,,NY,355900,508700,Wheildon1984lakedistrict,,,,yn,,EQM,,,,301,yn,46?,,1982,,Shap,,,,,,,,,,,,,,,,,,,,,,,Shap,,,,,,,,,,,,,,,,,,,,,,
,Skiddaw,,NY,331400,531400,Wheildon1984lakedistrict,,,,yn,,EQM,,,,265,yn,45?,,1982,,Skiddaw,,,,,,,,,,,,,,,,,,,,,,,Skiddaw,,,,,,,,,,,,,,,,,,,,,,
,Rookhope,rookhope,NY,393760,542780,Bott1972,Bott1972,BGS does not have temperature log in their digital log database,808,y,EST,EQM,EQM,12,,806,yn,,,,1960,Rookhope,Rookhop,ROOKHOPE,,ROOKHOPE,NY94SW1 (651616),http://scans.bgs.ac.uk/sobi_scans/boreholes/651616/images,ROOKHOPE BH,004280,https://ukogl.org.uk/map/php/well_tops.php?wellId=4280,,,,,BOT%OX4,21%49,19%0,92%95,BOT,95,thermal conductivites measured but raw values not reported - just means for different lithologies,004280,y,Rookhope,none,"gamma, medres",n,n,,ukogl_well_tops,,,,,,,,,,,,,,,,
,Rookhope,rookhope,NY,393760,542780,England1980,,BGS does not have temperature log in their digital log database,808,y,,,,?,,?,yn,106,?,,1976,Rookhope,Rookhop,ROOKHOPE,,ROOKHOPE,NY94SW1 (651616),http://scans.bgs.ac.uk/sobi_scans/boreholes/651616/images,ROOKHOPE BH,004280,https://ukogl.org.uk/map/php/well_tops.php?wellId=4280,,,,,BOT%OX4,21%49,19%0,92%95,BOT,95,Do not have original T and k values - England1980 only shows them in plots. Values will hopefully be in Oxburgh report?,004280,y,Rookhope,none,"gamma, medres",n,n,,ukogl_well_tops,,,,,,,,,,,,,,,,
,Staffler,,NY,332970,572270,Burley1984currently_pg42_from_161,,NCB,,y,BHT,,,1,,711,n,,,1980,1980,Staffler,,STAFFLER,,STAFFLER,,,,,,,,,,,,,,NCB,,,,,Staffler,,,,,,,,,,,,,,,,,,,,,,
,Glanzierfoot,,NY,336514,574275,Burley1984currently_pg42_from_161,,NCB,,yn,LOG,,,1?,,866?,n,,,,1980,Glanzierfoot,,GLENZIERFOOT BORE,,GLAZANIERFOOT,NY37SE2 (BHO_634006),http://scans.bgs.ac.uk/sobi_scans/boreholes/634006/images/12438348.html,,,,,,,,,,,,NCB,,,,,Glanzierfoot,,,,,,,,,,,,,,,,,,,,,,
,Beckhall,,NY,333924,575733,Burley1984currently_pg42_from_161,,NCB,,y,BHT,,,1,,421,n,,,1980,1980,Beckhall,,,,BECKHALL,,,,,,,,,,,,,,NCB,,,,,Beckhall,,,,,,,,,,,,,,,,,,,,,,
,Woodhouselees,,NY,339119,574951,Burley1984currently_pg42_from_161,,,,y,BHT,BHT,,1,,1036,n,,,1956,1956,Woodhouselees,,WOODHOUSELEES,,WOODHOUSELEES,NY37SE1 (BHO_634005),http://scans.bgs.ac.uk/sobi_scans/boreholes/634005/images/12438335.html,,,,,,,,,,,,NCB,,,,,Woodhouselees,,,,,,,,,,,,,,,,,,,,,,
,Evertown,,NY,336390,575938,Burley1984currently_pg42_from_161,,,,y,,BHT,,1,,780,n,,,1980,1980,Evertown,,EVERTOWN,,EVERTOWN,NY37NE14 (BHO_692493),http://scans.bgs.ac.uk/sobi_scans/boreholes/692493/images/12438262.html,,,,,,,,,,,,NCB,,Evertown is also listed as having new measurements in Rollin1987 - I think this is duplicate,,,Evertown,,,,,,,,,,,,,,,,,,,,,,
,Broadmeadows,,NY,337660,576270,Burley1984currently_pg42_from_161,,,,y,BHT,BHT,,1,,788,n,,,1979,1979,Broadmeadows,,BROADMEADOWS,,BROADMEADOWS,,,,,,,,,,,,,,NCB,,,,,Broadmeadows,,,,,,,,,,,,,,,,,,,,,,
,Rowanburnfoot,,NY,341031,575743,Burley1984currently_pg41_from_161,,,,y,BHT,BHT,,1,,876,n,,,1955,1955,Rowanburnfoot,,ROWANBURNFOOT BORE,,HOWANBURNFOOT,NY47NW27 (BHO_631071),http://scans.bgs.ac.uk/sobi_scans/boreholes/631071/images/12440364.html,,,,,,,,,,,,NCB,,,,,Rowanburnfoot,,,,,,,,,,,,,,,,,,,,,,
,Knottyholm,,NY,339500,577150,Rollin1987currently,,,,y,,BHT,,1,,519,n,,,1954,1954,Knottyholm,,KNOTTYHOLM,,KNOTTYHOLM,NY37NE6 (BHO_692485),http://scans.bgs.ac.uk/sobi_scans/boreholes/692485/images/12438200.html,,,,,,,,,,,,NCB,,,,,Knottyholm,,,,,,,,,,,,,,,,,,,,,,
,Archerbeck,,NY,341570,578150,Rollin1987currently,,Gale1984 - see pg12 in wheildon1985,,yn,,LOG,?,1?,,1365,n,,,,1955,Archerbeck,,ARCHERBECK,,ARCHERBECK,NY47NW14 (BHO_631058),http://scans.bgs.ac.uk/sobi_scans/boreholes/631058/images/12440255.html,,,,,,,,,,,,BGS,,,,,Archerbeck,,,,,,,,,,,,,,,,,,,,,,
,Bogra,,NY,332860,575530,Rollin1987currently_pg32_from_94,,,,y,,BHT,,1,,438,n,,,1983,1983,Bogra,,,,,,,,,,,,,,,,,,,,,,,Bogra,,,,,,,,,,,,,,,,,,,,,,
,Cranberry,,NY,330720,569480,Rollin1987currently_pg32_from_94,,,,y,,BHT,,1,,298,n,,,1982,1982,Cranberry,,,,,,,,,,,,,,,,,,,,,,,Cranberry,,,,,,,,,,,,,,,,,,,,,,
,Ferneyrigg,ferneyrigg,NY,395790,583640,Burley1984currently_pg41_from_161,,BGS - they do not have temperature log in their digital log database,,yn,LOG,LOG,1?,1?,,426,n,,,,1974,Ferneyrigg,,,,PENNYRIG,NY98SE13 (617195),http://scans.bgs.ac.uk/sobi_scans/boreholes/617195/images,FERNEYRIGG BH,004405,https://ukogl.org.uk/map/php/well_tops.php?wellId=4405,,,,,,,,,BGS,,This information currently from Rollin (1987),004405,y,Ferneyrigg,none,"gamma, dens, neut",n,n,,ukogl_well_tops,,,,,,,,,,,,,,,,
,Silloth No. 1,silloth_no1,NY,312300,554840,Burley1984currently_pg41_from_161,,Gale1984 - see pg12 in wheildon1985,,y,BHT,BHT,,2,,1335,n,,,1969,1973?,Silloth No. 1,,,,SILLOTH NO.1,NY15SW1 (624255),,SILLOTH 1A,,,,,,,,,,,ULT,,,002087,y,Silloth No. 1,"sonic, gamma",n,y,n,,ukogl_well_tops,,,,,,,,,,,,,,,,
,Eastgate,eastgate,NY,393870,538210,Manning2007,,,,y,,,BHT,1,,995,n,,,2007,2007,Eastgate,,,,,NY93NW97 (BHO_15608898),https://shop.bgs.ac.uk/Shop/search/boreholeIndex/NM/q/EASTGATE%20GEOTHERMAL%20EXPL%20BH,,,,,,,,,,,,,,,,n,Eastgate,,?,n,n,,,,,,,,,,,,,,,,,,
,Brayton Dom Colliery,,NY,313910,540710,Graham1922,,Farr_spreadsheet,,y,,,,3?,,868?,n,,,?,1921?,Brayton Dom Colliery,,,,,,,,,,,,,,,,,,,,,,,Brayton Dom Colliery,,,,,,,,,,,,,,,,,,,,,,
%,%,,,,,,,,,,,,,,,,,,,,,%,,,,,,,,,,,,,,,,,,,,,,,%,,,,,,,,,,,,,,,,,,,,,,
%,%,,,,,,,,,,,,,,,,,,,,,%,,,,,,,,,,,,,,,,,,,,,,,%,,,,,,,,,,,,,,,,,,,,,,
,Edinburgh (Leith Docks),,NT,328300,675950,Gebski1987,Gebski1987,,,y,,EQM,EQM,72,,215,y,57,284,,1986,Edinburgh (Leith Docks),,,,,,,,,,,,,,,,,,,,,,,Edinburgh (Leith Docks),,,,,,,,,,,,,,,,,,,,,,
,Livingston,,NT,301800,669100,Burley1984currently_pg39_from_161,Oxburgh1977,,,yn,EQM,,?,?,,640,yn,?,?,,1977,Livingston,LIVINGST,,,LIVINGSTON,,,,,,,,,,OX1%OX5,81,,62(12)%66(6),OX3,66,Oxburgh1977,,,Livingston,,,,,,,,,,,,,,,,,,,,,,
,Marshall Meadows,marshall_meadows,NT,397970,656860,Burley1984currently_pg39_from_161 - BGS do not have temperature log in digital logs database,Burley1984currently_pg124_from_161,Pers comms from Wheildon,,yn,EQM,,?,1?,,227,yn,15,183,,1971,Marshall Meadows,,,,MARSHALL MEADOWS,644206,http://scans.bgs.ac.uk/sobi_scans/boreholes/644206/images,,,,,,,,IC5,15,,51,IC5,51,This information is currently based on Rollin (1987). States that values were 'personal communication from Wheildon',,n,Marshall Meadows,none,"gamma, dens, medres, neut",n,n,,,,,,,,,,,,,,,,,,
,Birnieknowes,birnieknowes,NT,375800,673170,Burley1984currently_pg39_from_161,,BGS - BGS have four temperature logs in their digital log database,,yn,LOG,,,1?,,372,n,,,,1968,Birnieknowes,,BERNIEKNOWLES BORE,,BERNIEKNOWLES,,,,,,,,,,,,,,BGS,,,,n,Birnieknowes,,"micres, res, gamma, sonic, cali, medres, dens, temp, depres,sp, neut",,,,,,,,,,,,,,,,,,,,
,Pumpherston,,NT,307330,669790,Burley1984currently_pg39_from_161,,,,y,DST,,,1,,1037,n,,,,1963,Pumpherston,,,,,,,,,,,,,,,,,,,,,,,Pumpherston,,,,,,,,,,,,,,,,,,,,,,
,Pumpherston,,NT,307330,669790,Burley1984currently_pg39_from_161,,,,y,BHT,,,1,,1175,n,,,,1963,Pumpherston,,,,,,,,,,,,,,,,,,,,,,,Pumpherston,,,,,,,,,,,,,,,,,,,,,,
,Spilmersford,,NT,345700,669020,Burley1984currently_pg39_from_161,,,,y,BHT,,,1,,877,n,,,,1967,Spilmersford,,,,,,,,,,,,,,,,,,,,,,,Spilmersford,,,,,,,,,,,,,,,,,,,,,,
,Lochead,,NT,332190,696590,Burley1984currently_pg40_from_161,,,,y,BHT,,,1,,1167,n,,,,1957,Lochead,,,,,,,,,,,,,,,,,,,,,,,Lochead,,,,,,,,,,,,,,,,,,,,,,
,Boreland No. 1,,NT,330400,694200,Anderson1940,Benfield1939,Burley1984currently_pg40_from_161,,y,EQM,,,1,,1007,y,6,631,,1939,Boreland No. 1,,,,,,,,,,,,,,,,,,,,,,,Boreland No. 1,,,,,,,,,,,,,,,,,,,,,,
,Mackies Mill,,NT,330500,697950,Burley1984currently_pg40_from_161,,,,y,BHT,,,2,,960,n,,,,1958,Mackies Mill,,,,,,,,,,,,,,,,,,,,,,,Mackies Mill,,,,,,,,,,,,,,,,,,,,,,
,Thornton Bridge,,NT,328890,697220,Burley1984currently_pg40_from_161,,,,y,BHT,,,1,,665,n,,,,1951,Thornton Bridge,,,,,,,,,,,,,,,,,,,,,,,Thornton Bridge,,,,,,,,,,,,,,,,,,,,,,
,Thornton Farm,,NT,329690,697610,Burley1984currently_pg40_from_161,,,,y,BHT,,,1,,1055,n,,,,1948,Thornton Farm,,,,,,,,,,,,,,,,,,,,,,,Thornton Farm,,,,,,,,,,,,,,,,,,,,,,
,Eastfield Bore 1,,NT,332640,672970,Burley1984currently_pg40_from_161,,,,y,BHT,,,2,,1028,n,,,,1977,Eastfield Bore 1,,,,,,,,,,,,,,,,,,,,,,,Eastfield Bore 1,,,,,,,,,,,,,,,,,,,,,,
,Bilston Glen Col,,NT,329960,663200,Burley1984currently_pg40_from_161,,,,y,MWT,,,1,,670,n,,,,1973,Bilston Glen Col,,,,,,,,,,,,,,,,,,,,,,,Bilston Glen Col,,,,,,,,,,,,,,,,,,,,,,
,Lady Victoria Co,,NT,332940,666660,Burley1984currently_pg40_from_161,,,,y,MWT,,,1,,768,n,,,,1974,Lady Victoria Co,,,,,,,,,,,,,,,,,,,,,,,Lady Victoria Co,,,,,,,,,,,,,,,,,,,,,,
,Auchendinny,,NT,324960,661250,Burley1984currently_pg40_from_161,,,,y,BHT,,,1,,459,n,,,,1979,Auchendinny,,,,,,,,,,,,,,,,,,,,,,,Auchendinny,,,,,,,,,,,,,,,,,,,,,,
,Wellsgreen,,NT,333420,698330,Burley1984currently_pg40_from_161,,NCB,,y,BHT,,,1,,1485,n,,,,1979,Wellsgreen,,,,,,,,,,,,,,,,,,,,,,,Wellsgreen,,,,,,,,,,,,,,,,,,,,,,
,Wellsgreen,,NT,333420,698330,Burley1984currently_pg40_from_161,,NCB,,yn,LOG,,,1?,,1485,n,,,,1979,Wellsgreen,,,,,,,,,,,,,,,,,,,,,,,Wellsgreen,,,,,,,,,,,,,,,,,,,,,,
,Stewart,,NT,336330,664760,Burley1984currently_pg40_from_161,,,,y,BHT,,,1,,942,n,,,,1981,Stewart,,,,,,,,,,,,,,,,,,,,,,,Stewart,,,,,,,,,,,,,,,,,,,,,,
,Frances,,NT,332140,690500,Burley1984currently_pg40_from_161,,,,y,VST,,,1,,841,n,,,,?,Frances,,,,,,,,,,,,,,,,,,,,,,,Frances,,,,,,,,,,,,,,,,,,,,,,
,Monktonhall,,NT,332420,670530,Burley1984currently_pg40_from_161,,,,y,VST,,,1,,866,n,,,,1972,Monktonhall,,,,,,,,,,,,,,,,,,,,,,,Monktonhall,,,,,,,,,,,,,,,,,,,,,,
,Seafield,,NT,331500,689230,Burley1984currently_pg40_from_161,,,,y,VST,,,1,,789,n,,,,?,Seafield,,,,,,,,,,,,,,,,,,,,,,,Seafield,,,,,,,,,,,,,,,,,,,,,,
,Cousland No. 5,,NT,337740,667730,Burley1984currently_pg39_from_161,,,,y,BHT,,,1,,585,n,,,1954,1954,Cousland No. 5,,,,COUSLAND NO.5,,,,,,,COUSLAND 5,,,,,,,BGS,,,,,Cousland No. 5,,,,,,,,,,,,,,,,,,,,,,
,Cousland No. 6,,NT,338350,668010,Burley1984currently_pg39_from_161,,,,y,BHT,,,1,,582,n,,,1960,1960,Cousland No. 6,,,,,,,,,,,,,,,,,,,,,,,Cousland No. 6,,,,,,,,,,,,,,,,,,,,,,
,Cameron,,NT,334570,699010,Rollin1987currently_pg30_from94,,,,y,BHT,,,1,,1470,n,,,1979,1979,Cameron,,,,,,,,,,,,,,,,,,,,,,,Cameron,,,,,,,,,,,,,,,,,,,,,,
,Milton Balgonie,,NT,331750,699340,Rollin1987currently_pg31_from94,,,,y,BHT/HOR,,,15,16,2009,n,,,1984,1984,Milton Balgonie,,,,,,,,,,,,,,,,,,,,,,,Milton Balgonie,,,,,,,,,,,,,,,,,,,,,,
,Kelty Bridge,,NT,313380,695450,Rollin1987currently_pg31_from94,,,,y,BHT,,,3,1,454,n,,,1984,1984,Kelty Bridge,,,,,,,,,,,,,,,,,,,,,,,Kelty Bridge,,,,,,,,,,,,,,,,,,,,,,
,Straiton 1-1Z,,NT,326590,666380,Rollin1987currently_pg31_from94,,,,y,BHT,,,2,2,645,n,,,1984,1984,Straiton 1-1Z,,,,,,,,,,,,,,,,,,,,,,,Straiton 1-1Z,,,,,,,,,,,,,,,,,,,,,,
,Carrington 1,,NT,331220,661030,Rollin1987currently_pg31_from94,,,,y,BHT/HOR,,,8,9,1705,n,,,1984,1984,Carrington 1,,,,,,,,,,,,,,,,,,,,,,,Carrington 1,,,,,,,,,,,,,,,,,,,,,,
,Calais 3,,NT,312760,686390,Rollin1987currently_pg31_from94,,,,y,BHT,,,2,,190,n,,,1986,1986,Calais 3,,,,,,,,,,,,,,,,,,,,,,,Calais 3,,,,,,,,,,,,,,,,,,,,,,
,Broachrigg East ,,NT,329210,660870,Rollin1987currently_pg31_from94,,,,y,BHT,,,1,,644,n,,,1984,1984,Broachrigg East ,,,,,,,,,,,,,,,,,,,,,,,Broachrigg East ,,,,,,,,,,,,,,,,,,,,,,
,Selkirk,selkirk,NT,347936,627852,Gebski1987,Gebski1987,,,y,,EQM,EQM,63,,186,y,67,202,15/12/1985,,Selkirk,Selkirk,,,,NT42NE31 (BHC_745439),http://scans.bgs.ac.uk/sobi_scans/boreholes/745439/images,,,,,,,,,,,,,,,,n,Selkirk,none,n,n,n,,,,,,,,,,,,,,,,,,
,Midlothian No. 1,,NT,336300,664700,Esso,,,,yn,LOG,,,1?,,747,n,,,,,Midlothian No. 1,,,,,,,,,,,,,,,,,,,,,,,Midlothian No. 1,,,,,,,,,,,,,,,,,,,,,,
,Bowhill Colliery,,NT,321150,695670,Graham1921,,Farr_spreadsheet,,y,,,,5?,,999?,n,,,,1921?,Bowhill Colliery,,,,,,,,,,,,,,,,,,,,,,,Bowhill Colliery,,,,,,,,,,,,,,,,,,,,,,
%,%,,,,,,,,,,,,,,,,,,,,,,,,,,,,,,,,,,,,,,,,,,,,,,,,,,,,,,,,,,,,,,,,,,
%,%,,,,,,,,,,,,,,,,,,,,,%,,,,,,,,,,,,,,,,,,,,,,,%,,,,,,,,,,,,,,,,,,,,,,
,Raydale,raydale,SD,390260,484740,Burley1984currently_pg45_from_161,,BGS - BGS maybe have temperature in digital log database (field zgx)?,601,y,DST,,,1,,285,yn,?,?,1973,1974/1976,Raydale,RAYDALE,RAYDALE,,RAYDALE,SD98SW1 (36574),,RAYDALE BH,,,,,,,OX2%OX4,,,65%0,BGS%OX2,65,Do not have original T and k values - England1980 only shows them in plots. Values will hopefully be in Oxburgh report?,004279,y,Raydale,"density, porosity","neut, dens, gamma, zgx?",n,n,,ukogl_well_tops,,,,,,,,,,,,,,,,
,Raydale,raydale,SD,390260,484740,Burley1984currently_pg45_from_161,,BGS - BGS maybe have temperature in digital log database (field zgx)?,601,yn,LOG,,,1?,,450,yn,?,?,1973,1974/1976,Raydale,RAYDALE,RAYDALE,,RAYDALE,SD98SW1 (36574),,RAYDALE BH,,,,,,,OX2%OX4,,,65%0,BGS%OX2,65,Do not have original T and k values - England1980 only shows them in plots. Values will hopefully be in Oxburgh report?,004279,y,Raydale,"density, porosity",,n,n,,ukogl_well_tops,,,,,,,,,,,,,,,,
,Raydale,raydale,SD,390260,484740,England1980,,BGS - BGS maybe have temperature in digital log database (field zgx)?,601,yn,EQM,,,?,,593?,yn,50?,?,1973,1974/1976,Raydale,RAYDALE,RAYDALE,,RAYDALE,SD98SW1 (36574),,RAYDALE BH,,,,,,,OX2%OX4,,,65%0,BGS%OX2,65,Do not have original T and k values - England1980 only shows them in plots. Values will hopefully be in Oxburgh report?,004279,y,Raydale,"density, porosity",,n,n,,ukogl_well_tops,,,,,,,,,,,,,,,,
,Roosecote,roosecote,SD,323040,468660,Burley1984currently_pg45_from_161,,IGS,,yn,LOG,,,1?,,791,n,,,1971,1971,Roosecote,,,,,SD26NW19 (701420),,,,,,,,,,,,,,,,004292,y,Roosecote,,"dens, gamma, neut, zgex, sonic",,,,ukogl_well_tops,,,,,,,,,,,,,,,,
,Boulsworth,,SD,392690,434790,Burley1984currently_pg45_from_161,,,,y,BHT,,,1,,1814,n,,,1963,1963,Boulsworth,,,,,,,,,,,,,,,,,,,,,,,Boulsworth,,,,,,,,,,,,,,,,,,,,,,
,Boulsworth,,SD,392690,434790,Burley1984currently_pg45_from_161,,,,y,DST,,,1,,1919,n,,,1963,1963,Boulsworth,,,,,,,,,,,,,,,,,,,,,,,Boulsworth,,,,,,,,,,,,,,,,,,,,,,
,Holme Chapel 1,,SD,386080,428780,Burley1984currently_pg45_from_161,,,,y,BHT,,,1,,1973,n,,,1974,1974,Holme Chapel 1,,,,,,,,,,,,,,,,,,,,,,,Holme Chapel 1,,,,,,,,,,,,,,,,,,,,,,
,Kirkham,,SD,343240,432470,Richardson1978,,,,yn,EQM,,,?,,405,yn,,,,1970,Kirkham,,,,,,,,,,,,,,,,,,,,Richardson1978 does not show measured temperature values either in tables or in charts. But states in text that multiple values measured,,,Kirkham,,,,,,,,,,,,,,,,,,,,,,
,Beckermonds Scar,beckermonds_scar,SD,386350,480160,England1980 - also in Richardson1978,England1980,,,yn,EQM,,,?,,?,yn,63?,?,1976,1977/1978,Beckermonds Scar,,BECKERMONDS SCAR,,BECKERMONDS SCAR,32882,,,,,,,,,OX4%OX5,63,,69(10),BGS,69,Do not have original T and k values - England1980 only gives plots. Values will hopefully be in Oxburgh report?,,n,Beckermonds Scar,none,"gamma, neut, dens",n,n,,,,,,,,,,,,,,,,,,
,Beckermonds Scar,beckermonds_scar,SD,386350,480160,BGS,England1980,,,yn,LOG,,,?,,522,yn,63?,?,1976,?,Beckermonds Scar,,BECKERMONDS SCAR,,BECKERMONDS SCAR,32882,,,,,,,,,OX4%OX5,63,,69(10),BGS,69,Do not have original T and k values - England1980 only gives plots. Values will hopefully be in Oxburgh report?,,n,Beckermonds Scar,none,"gamma, neut, dens",n,n,,,,,,,,,,,,,,,,,,
,Red Knoll,,SD,387610,431950,Burley1984currently_pg46_from_161,,,,y,BHT,,,1,,227,n,,,1975,1975,Red Knoll,,,,,,,,,,,,,,,,,,,,,,,Red Knoll,,,,,,,,,,,,,,,,,,,,,,
,Saville Farm,,SD,387810,432160,Burley1984currently_pg46_from_161,,NCB,,yn,LOG,,,1?,,219,n,,,1975,1975,Saville Farm,,,,,,,,,,,,,,,,,,,,,,,Saville Farm,,,,,,,,,,,,,,,,,,,,,,
,Swinden 1,,SD,385970,450520,Burley1984currently_pg46_from_161,,,,y,BHT,,,1,,184,n,,,1978,1978,Swinden 1,,,,,,,,,,,,,,,,,,,,,,,Swinden 1,,,,,,,,,,,,,,,,,,,,,,
,Weeton Camp,,SD,338900,435900,Burley1984currently_pg46_from_161,Wheildon1985_pg79from102,,,y,BHT,,,1,,300,y,90,297,,1982,Weeton Camp,,,,,,,,,,,,,,,,,,,,,,,Weeton Camp,,,,,,,,,,,,,,,,,,,,,,
,Weeton Camp,,SD,338900,435900,Wheildon1985_pg53from102,Wheildon1985_pg79from102,,,y,EQM,,,96,,297,y,90,297,,1982,Weeton Camp,,,,,,,,,,,,,,,,,,,,,,,Weeton Camp,,,,,,,,,,,,,,,,,,,,,,
,Thornton-Cleveleys,,SD,333140,444090,Wheildon1985_pg54from102,Wheildon1985_pg80from102,,,y,EQM,,,94,,288,y,81,288,,1983,Thornton-Cleveleys,,,,,,,,,,,,,,,,,,,,,,,Thornton-Cleveleys,,,,,,,,,,,,,,,,,,,,,,
,Clitheroe MHD2,,SD,368600,446300,Wheildon1985_pg69from102,Wheildon1985_pg92from102,,,y,EQM,,,110,,341,y,35,342,,1983,Clitheroe MHD2,,,,,,,,,,,,,,,,,,,,,,,Clitheroe MHD2,,,,,,,,,,,,,,,,,,,,,,
,Rosebridge Colliery,,SD,357800,405900,Burley1984currently_pg46_from_161,,British Association Reports 1868 - 1904,,yn,CFM,,,4?,,745?,n,,,,,Rosebridge Colliery,,,,,,,,,,,,,,,,,,,,Originally British Association Reports,,,Rosebridge Colliery,,,,,,,,,,,,,,,,,,,,,,
,Heywood 1,,SD,383850,408980,Rollin1987currently_pg32_from_94,,,,y,,BHT/HOR,,10,11,1617,n,,,1984,1984,Heywood 1,,,,,,,,,,,,,,,,,,,,,,,Heywood 1,,,,,,,,,,,,,,,,,,,,,,
,Clitheroe No. 2,,SD,375550,440900,Gebski1987,Gebski1987,,,y,,EQM,EQM,97,,294,y,69,301,,1985,Clitheroe No. 2,,,,,,,,,,,,,,,,,,,,,,,Clitheroe No. 2,,,,,,,,,,,,,,,,,,,,,,
,Wray,wray,SD,363160,465680,Gebski1987,Gebski1987,,,y,,EQM,EQM,100,,304,y,68,310,1986,,Wray,Wray,,,,SD66NW5 (BHO_18294),http://scans.bgs.ac.uk/sobi_scans/boreholes/18294/images/10026953.html,,,,,,,,,,,,,,,,n,Wray,none,"gamma, dens, neut, medres, cali",n,n,,,,,,,,,,,,,,,,,,
,High Ings Barn,high_ings_barn,SD,388670,460310,TGS_logs,,,,yn,,,LOG,,,220,n,,,,,High Ings Barn,,,,,SD86SE8 (32756),http://scans.bgs.ac.uk/sobi_scans/boreholes/32756/images,,,,,,,,,,,,,,,,n,High Ings Barn,,"medres, sp, sonic, neut, dens, gamma, cali",n,n,y,,,,,,,,,,,,,,,,,
%,,,,,,,,,,,,,,,,,,,,,,,,,,,,,,,,,,,,,,,,,,,,,%,,,,,,,,,,,,,,,,,,,,,,
,Marsden,,SE,404940,411810,Wheildon1985_pg62from102,Wheildon1985_pg88from102,,,y,,,EQM,99,,298,y,80,299,,,Marsden,,,,,,,,,,,,,,,,,,,,,,,Marsden,,,,,,,,,,,,,,,,,,,,,,
,Marsden,,SE,404940,411810,Rollin1987_pg32from94,Wheildon1985_pg88from102,,,y,,BHT,BHT,2,,298,y,80,299,,,Marsden,,,,,,,,,,,,,,,,,,,,,,,Marsden,,,,,,,,,,,,,,,,,,,,,,
,Harlsey No. 1,harlsey_no1,SE,442210,498080,Burley1984currently_pg46_from_161,,,,y,BHT,,,1,,1076,n,,,1965,1965,Harlsey No. 1,,,,,SE49NW6 (114972),,,,,,,,,,,,,,,,000649,y,Harlsey No. 1,bht/dst,n,n,y,,ukogl_well_tops,,,,,,,,,,,,,,,,
,Lockton 2A,,SE,490260,490140,Burley1984currently_pg46_from_161,,,,y,BHT,,,2,,2048,n,,,1966,1966,Lockton 2A,,,,,,,,,,,,,,,,,,,,,,,Lockton 2A,,,,,,,,,,,,,,,,,,,,,,
,Lockton 3,,SE,490900,492900,Burley1984currently_pg46_from_161,,,,y,BHT,,,2,,2207,n,,,1967,1967,Lockton 3,,,,,,,,,,,,,,,,,,,,,,,Lockton 3,,,,,,,,,,,,,,,,,,,,,,
,Lockton 4,,SE,486900,488900,Burley1984currently_pg47_from_161,,,,y,BHT,,,2,,2025,n,,,1967,1967,Lockton 4,,,,,,,,,,,,,,,,,,,,,,,Lockton 4,,,,,,,,,,,,,,,,,,,,,,
,Lockton 5,,SE,489301,491370,Burley1984currently_pg47_from_161,,,,y,BHT,,,1,,1891,n,,,1967,1967,Lockton 5,,,,,,,,,,,,,,,,,,,,,,,Lockton 5,,,,,,,,,,,,,,,,,,,,,,
,Lockton 6,,SE,490960,487620,Burley1984currently_pg47_from_161,,,,y,BHT,,,1,,2001,n,,,1968,1968,Lockton 6,,,,,,,,,,,,,,,,,,,,,,,Lockton 6,,,,,,,,,,,,,,,,,,,,,,
,Lockton 7,,SE,491730,490170,Burley1984currently_pg47_from_161,,,,y,BHT,,,1,,2134,n,,,1968,1968,Lockton 7,,,,,,,,,,,,,,,,,,,,,,,Lockton 7,,,,,,,,,,,,,,,,,,,,,,
,Rosedale No. 1,,SE,472670,494960,Burley1984currently_pg47_from_161,,,,y,BHT,,,2,,1639,n,,,1966,1966,Rosedale No. 1,,,,,,,,,,,,,,,,,,,,,,,Rosedale No. 1,,,,,,,,,,,,,,,,,,,,,,
,Askern No. 1,,SE,456510,415020,Burley1984currently_pg47_from_161,,,,y,BHT,,,2,,1467,n,,,1957,1957,Askern No. 1,,,,,,,,,,,,,,,,,,,,,,,Askern No. 1,,,,,,,,,,,,,,,,,,,,,,
,Axholme No. 1,,SE,477600,408500,Burley1984currently_pg47_from_161,,,,y,BHT,,,1,,1524,n,,,1973,1973,Axholme No. 1,,,,,,,,,,,,,,,,,,,,,,,Axholme No. 1,,,,,,,,,,,,,,,,,,,,,,
,Barlow No. 1,,SE,463340,427850,Burley1984currently_pg47_from_161,,,,y,BHT,,,1,,1215,n,,,1973,1973,Barlow No. 1,,,,,,,,,,,,,,,,,,,,,,,Barlow No. 1,,,,,,,,,,,,,,,,,,,,,,
,Barton No. 1,,SE,472200,464670,Burley1984currently_pg47_from_161,,Home Oil UK,,yn,LOG,,,1?,,1515,n,,,1973,1973,Barton No. 1,,,,,,,,,,,,,,,,,,,,,,,Barton No. 1,,,,,,,,,,,,,,,,,,,,,,
,Burton Stather,,SE,487840,418830,Burley1984currently_pg47_from_161,,,,y,BHT,,,2,,1857,n,,,1963,1963,Burton Stather,,,,,,,,,,,,,,,,,,,,,,,Burton Stather,,,,,,,,,,,,,,,,,,,,,,
,Burton Stather,,SE,487840,418830,Burley1984currently_pg47_from_161,,,,y,DST,,,1,,1610,n,,,1963,1963,Burton Stather,,,,,,,,,,,,,,,,,,,,,,,Burton Stather,,,,,,,,,,,,,,,,,,,,,,
,Butterwick No. 1,,SE,484210,405630,Burley1984currently_pg47_from_161,,,,y,BHT,,,1,,1698,n,,,1958,1958,Butterwick No. 1,,,,,,,,,,,,,,,,,,,,,,,Butterwick No. 1,,,,,,,,,,,,,,,,,,,,,,
,Butterwick No. 1,,SE,484210,405630,Burley1984currently_pg47_from_161,,,,y,DST,,,1,,1418,n,,,1958,1958,Butterwick No. 1,,,,,,,,,,,,,,,,,,,,,,,Butterwick No. 1,,,,,,,,,,,,,,,,,,,,,,
,Crowle No. 1,,SE,477340,411930,Burley1984currently_pg47_from_161,,,,y,BHT,,,1,,1274,n,,,1966,1966,Crowle No. 1,,,,,,,,,,,,,,,,,,,,,,,Crowle No. 1,,,,,,,,,,,,,,,,,,,,,,
,Crowle No. 1,,SE,477340,411930,Burley1984currently_pg47_from_161,,,,y,DST,,,1,,1240,n,,,1966,1966,Crowle No. 1,,,,,,,,,,,,,,,,,,,,,,,Crowle No. 1,,,,,,,,,,,,,,,,,,,,,,
,Hatfield No. 1,,SE,469310,406960,Burley1984currently_pg48_from_161,,,,y,BHT,,,2,,1601,n,,,1966,1966,Hatfield No. 1,,,,,,,,,,,,,,,,,,,,,,,Hatfield No. 1,,,,,,,,,,,,,,,,,,,,,,
,Hatfield No. 1,,SE,469310,406960,Burley1984currently_pg48_from_161,,,,y,DST,,,1,,1268,n,,,1966,1966,Hatfield No. 1,,,,,,,,,,,,,,,,,,,,,,,Hatfield No. 1,,,,,,,,,,,,,,,,,,,,,,
,Hatfield No. 2,,SE,467240,406750,Burley1984currently_pg48_from_161,,,,y,BHT,,,1,,1394,n,,,1966,1966,Hatfield No. 2,,,,,,,,,,,,,,,,,,,,,,,Hatfield No. 2,,,,,,,,,,,,,,,,,,,,,,
,Hatfield No. 2,,SE,467240,406750,Burley1984currently_pg48_from_161,,,,y,DST,,,2,,1062,n,,,1966,1966,Hatfield No. 2,,,,,,,,,,,,,,,,,,,,,,,Hatfield No. 2,,,,,,,,,,,,,,,,,,,,,,
,Langtoft No. 1,,SE,449340,465190,Burley1984currently_pg48_from_161,,,,y,BHT,,,1,,1945,n,,,1971,1971,Langtoft No. 1,,,,,,,,,,,,,,,,,,,,,,,Langtoft No. 1,,,,,,,,,,,,,,,,,,,,,,
,Langtoft No. 1,,SE,449340,465190,Burley1984currently_pg48_from_161,,,,y,DST,,,1,,1804,n,,,1971,1971,Langtoft No. 1,,,,,,,,,,,,,,,,,,,,,,,Langtoft No. 1,,,,,,,,,,,,,,,,,,,,,,
,North Dalton 1,,SE,493810,452770,Burley1984currently_pg48_from_161,,,,y,BHT,,,1,,1506,n,,,1972,1972,North Dalton 1,,,,,,,,,,,,,,,,,,,,,,,North Dalton 1,,,,,,,,,,,,,,,,,,,,,,
,Pocklington No. 1,,SE,481660,449930,Burley1984currently_pg48_from_161,,,,y,BHT,,,1,,1065,n,,,1973,1973,Pocklington No. 1,,,,,,,,,,,,,,,,,,,,,,,Pocklington No. 1,,,,,,,,,,,,,,,,,,,,,,
,Seaton Ross No. 1,,SE,477020,438400,Burley1984currently_pg48_from_161,,,,y,BHT,,,1,,1013,n,,,1973,1973,Seaton Ross No. 1,,,,,,,,,,,,,,,,,,,,,,,Seaton Ross No. 1,,,,,,,,,,,,,,,,,,,,,,
,South Kirby 1,,SE,446100,409200,Burley1984currently_pg48_from_161,,,,y,BHT,,,1,,1407,n,,,1967,1967,South Kirby 1,,,,,,,,,,,,,,,,,,,,,,,South Kirby 1,,,,,,,,,,,,,,,,,,,,,,
,South Cliffe 1,,SE,487910,435220,Burley1984currently_pg48_from_161,,,,y,BHT,,,1,,1070,n,,,1973,1973,South Cliffe 1,,,,,,,,,,,,,,,,,,,,,,,South Cliffe 1,,,,,,,,,,,,,,,,,,,,,,
,Axholme No. 2,,SE,479340,402970,Burley1984currently_pg48_from_161,,,,y,BHT,,,1,,1433,n,,,1973,1973,Axholme No. 2,,,,,,,,,,,,,,,,,,,,,,,Axholme No. 2,,,,,,,,,,,,,,,,,,,,,,
,Whitwell,,SE,472790,465750,Burley1984currently_pg48_from_161,,,,y,BHT,,,1,,1812,n,,,1970,1970,Whitwell,,,,,,,,,,,,,,,,,,,,,,,Whitwell,,,,,,,,,,,,,,,,,,,,,,
,Whitwell,,SE,472790,465750,Burley1984currently_pg48_from_161,,,,y,DST,,,1,,1606,n,,,1970,1970,Whitwell,,,,,,,,,,,,,,,,,,,,,,,Whitwell,,,,,,,,,,,,,,,,,,,,,,
,Wheldrake,,SE,467600,446200,Burley1984currently_pg48_from_161,,,,y,BHT,,,1,,1555,n,,,1973,1973,Wheldrake,,,,,,,,,,,,,,,,,,,,,,,Wheldrake,,,,,,,,,,,,,,,,,,,,,,
,Whenby,,SE,465410,472460,Burley1984currently_pg48_from_161,,,,y,BHT,,,3,,1632,n,,,1975,1975,Whenby,,,,,,,,,,,,,,,,,,,,,,,Whenby,,,,,,,,,,,,,,,,,,,,,,
,Millfield,,SE,466820,444120,Burley1984currently_pg49_from_161,,NCB,,yn,LOG,,,1?,,1151,n,,,1975,1975,Millfield,,,,,,,,,,,,,,,,,,,,,,,Millfield,,,,,,,,,,,,,,,,,,,,,,
,North Duffield,,SE,469120,435240,Richardson1978,Richardson1978,,,yn,EQM,,,1?,,960?,yn,45,,1975,1975,North Duffield,,,,,,,,,,,,,,,,,,,,,,,North Duffield,,,,,,,,,,,,,,,,,,,,,,
,North Duffield,,SE,469120,435240,Burley1984currently_pg49_from_161,Richardson1978,NCB,,yn,LOG,,,1?,,999,yn,45,,1975,1975,North Duffield,,,,,,,,,,,,,,,,,,,,,,,North Duffield,,,,,,,,,,,,,,,,,,,,,,
,Brocket Wood,,SE,456710,444090,Burley1984currently_pg49_from_161,,NCB,,yn,LOG,,,1?,,750,n,,,1975,1975,Brocket Wood,,,,,,,,,,,,,,,,,,,,,,,Brocket Wood,,,,,,,,,,,,,,,,,,,,,,
,Selby No. 3,,SE,461950,433320,Burley1984currently_pg49_from_161,,NCB,,yn,LOG,,,1?,,625,n,,,1974,1974,Selby No. 3,,,,,,,,,,,,,,,,,,,,,,,Selby No. 3,,,,,,,,,,,,,,,,,,,,,,
,Trumfleet No. 2,,SE,460350,412470,Burley1984currently_pg49_from_161,,,,y,BHT,,,1,,1072,n,,,1958,1958,Trumfleet No. 2,,,,,,,,,,,,,,,,,,,,,,,Trumfleet No. 2,,,,,,,,,,,,,,,,,,,,,,
,Trumfleet No. 1,,SE,460510,412590,Burley1984currently_pg49_from_161,,,,y,BHT,,,2,,1579,n,,,1957,1957,Trumfleet No. 1,,,,,,,,,,,,,,,,,,,,,,,Trumfleet No. 1,,,,,,,,,,,,,,,,,,,,,,
,Trumfleet No. 5,,SE,460560,411410,Burley1984currently_pg49_from_161,,,,y,BHT,,,2,,1087,n,,,1966,1966,Trumfleet No. 5,,,,,,,,,,,,,,,,,,,,,,,Trumfleet No. 5,,,,,,,,,,,,,,,,,,,,,,
,Wykeham No. 1,,SE,492380,487340,Burley1984currently_pg49_from_161,,,,y,BHT,,,2,,2015,n,,,,,Wykeham No. 1,,,,,SE98NW5 (BHC_135424),Confidential,,,,,,,,,,,,,,,,,Wykeham No. 1,,,,,,,,,,,,,,,,,,,,,,
,Lockton No. 8,,SE,490990,489480,Burley1984currently_pg49_from_161,,,,y,BHT,,,2,,2125,n,,,1971,1971,Lockton No. 8,,,,,,,,,,,,,,,,,,,,,,,Lockton No. 8,,,,,,,,,,,,,,,,,,,,,,
,Cawood Common,,SE,456390,435490,Burley1984currently_pg49_from_161,,,,y,BHT,,,1,,586,n,,,,,Cawood Common,,,,,,,,,,,,,,,,,,,,,,,Cawood Common,,,,,,,,,,,,,,,,,,,,,,
,Thorne Colliery,,SE,470620,415900,Farr_spreadsheet,,Graham1922 and Burley1984currently_pg49_from_161 ,,yn,LOG,,,6?,,457,n,,,?,?,Thorne Colliery,,,,,,,,,,,,,,,,,,,,,,,Thorne Colliery,,,,,,,,,,,,,,,,,,,,,,
,Skipwith,,SE,466400,443700,Richardson1978,,Burley1984currently_pg50_from_161_see_also_richardsonoxburgh1978,,yn,EQM,,,1?,,210,yn,,,?,1978,Skipwith,,,,,,,,,,,,,,,,,,,,,,,Skipwith,,,,,,,,,,,,,,,,,,,,,,
,Skipwith Bridge,,SE,465400,440700,Richardson1978,,Burley1984currently_pg50_from_161_see_also_richardsonoxburgh1978,,yn,EQM,,,1?,,165,yn,,,?,1978,Skipwith Bridge,,,,,,,,,,,,,,,,,,,,,,,Skipwith Bridge,,,,,,,,,,,,,,,,,,,,,,
,Approach Farm,,SE,462800,438800,Richardson1978,,Burley1984currently_pg50_from_161_see_also_richardsonoxburgh1978,,yn,EQM,,,1?,,160,yn,,,?,1978,Approach Farm,,,,,,,,,,,,,,,,,,,,,,,Approach Farm,,,,,,,,,,,,,,,,,,,,,,
,Farnham,,SE,434690,459960,Burley1984currently_pg50_from_161,,BGS,,yn,LOG,,,1?,,322,n,,,?,1979,Farnham,,,,,,,,,,,,,,,,,,,,,,,Farnham,,,,,,,,,,,,,,,,,,,,,,
,Naburn Grange,,SE,459710,443950,Burley1984currently_pg50_from_161,,,,y,BHT,,,1,,939,n,,,,,Naburn Grange,,,,,,,,,,,,,,,,,,,,,,,Naburn Grange,,,,,,,,,,,,,,,,,,,,,,
,Booth Ferry,,SE,473900,425800,Burley1984currently_pg50_from_161,,Oxburgh1977,,yn,EQM,,,1?,,380,yn,,,?,?,Booth Ferry,,,,,,,,,,,,,,,,,,,,,,,Booth Ferry,,,,,,,,,,,,,,,,,,,,,,
,Hatfield Moors 1,,SE,470350,406680,Burley1984currently_pg50_from_161,,,,y,BHT,,,1,,416,n,,,1982,1982,Hatfield Moors 1,,,,,,,,,,,,,,,,,,,,,,,Hatfield Moors 1,,,,,,,,,,,,,,,,,,,,,,
,Warmsworth 1,,SE,453940,401240,Burley1984currently_pg50_from_161,,,,y,BHT,,,2,,1703,n,,,1982,1982,Warmsworth 1,,,,,,,,,,,,,,,,,,,,,,,Warmsworth 1,,,,,,,,,,,,,,,,,,,,,,
,Beckwithshaw,,SE,427280,451860,Burley1984currently_pg50_from_161,,,,y,BHT,,,1,,188,n,,,1983,1983,Beckwithshaw,,,,,,,,,,,,,,,,,,,,,,,Beckwithshaw,,,,,,,,,,,,,,,,,,,,,,
,Malton 3,,SE,476330,477510,Burley1984currently_pg50_from_161,,,,y,BHT,,,2,,1722,n,,,1980,1980,Malton 3,,,,,,,,,,,,,,,,,,,,,,,Malton 3,,,,,,,,,,,,,,,,,,,,,,
,Shipton - is this different to Shipton No. 2?,,SE,454450,458600,Rollin1987currently_pg34_from_94,,NCB,,yn,,EQM,,?,,549,yn,,,?,1986,Shipton - is this different to Shipton No. 2?,,,,,,,,,,,,,,,,,,,,,,,Shipton - is this different to Shipton No. 2?,,,,,,,,,,,,,,,,,,,,,,
,Shipton No. 2,,SE,454450,458600,Gebski1987,Gebski1987,,,y,,,EQM,182,,550,y,51,547,,,Shipton No. 2,,,,,,,,,,,,,,,,,,,,,,,Shipton No. 2,,,,,,,,,,,,,,,,,,,,,,
,Lockton East No. 1,,SE,493610,489580,Burley1984currently_pg50_from_161,,,,y,BHT,,,3,,1867,n,,,1980,1980,Lockton East No. 1,,,,,SE98NW6 (BHC_135425),Confidential,,,,,,,,,,,,TAW,,,,,Lockton East No. 1,,,,,,,,,,,,,,,,,,,,,,
,Rossington B06,,SE,463840,401940,Burley1984currently_pg50_from_161,,NCB,,yn,VST,,,1?,,834,n,,,?,1974,Rossington B06,,,,,,,,,,,,,,,,,,,,,,,Rossington B06,,,,,,,,,,,,,,,,,,,,,,
,Brodsworth P11,,SE,452100,406300,Burley1984currently_pg51_from_161,,NCB,,yn,VST,,,1?,,767,n,,,?,1974,Brodsworth P11,,,,,,,,,,,,,,,,,,,,,,,Brodsworth P11,,,,,,,,,,,,,,,,,,,,,,
,Brodsworth T36,,SE,456300,406900,Burley1984currently_pg51_from_161,,NCB,,yn,VST,,,1?,,770,n,,,?,1974,Brodsworth T36,,,,,,,,,,,,,,,,,,,,,,,Brodsworth T36,,,,,,,,,,,,,,,,,,,,,,
,Brodsworth P03,,SE,454800,406300,Burley1984currently_pg51_from_161,,NCB,,yn,VST,,,1?,,799,n,,,?,1974,Brodsworth P03,,,,,,,,,,,,,,,,,,,,,,,Brodsworth P03,,,,,,,,,,,,,,,,,,,,,,
,Brodsworth B20,,SE,452300,403700,Burley1984currently_pg51_from_161,,NCB,,yn,VST,,,1?,,588,n,,,?,1975,Brodsworth B20,,,,,,,,,,,,,,,,,,,,,,,Brodsworth B20,,,,,,,,,,,,,,,,,,,,,,
,Brodsworth B04,,SE,451110,408800,Burley1984currently_pg51_from_161,,NCB,,yn,VST,,,1?,,760,n,,,?,1975,Brodsworth B04,,,,,,,,,,,,,,,,,,,,,,,Brodsworth B04,,,,,,,,,,,,,,,,,,,,,,
,Markham Main B20,,SE,464720,404920,Burley1984currently_pg51_from_161,,NCB,,yn,VST,,,1?,,737,n,,,?,?,Markham Main B20,,,,,,,,,,,,,,,,,,,,,,,Markham Main B20,,,,,,,,,,,,,,,,,,,,,,
,Markham Main B40,,SE,463530,402380,Burley1984currently_pg51_from_161,,NCB,,yn,VST,,,1?,,813,n,,,?,?,Markham Main B40,,,,,,,,,,,,,,,,,,,,,,,Markham Main B40,,,,,,,,,,,,,,,,,,,,,,
,Frickley B68,,SE,451000,410530,Burley1984currently_pg51_from_161,,NCB,,yn,VST,,,1?,,690,n,,,?,?,Frickley B68,,,,,,,,,,,,,,,,,,,,,,,Frickley B68,,,,,,,,,,,,,,,,,,,,,,
,Kellingley,,SE,450950,425650,Burley1984currently_pg51_from_161,,NCB,,yn,VST,,,1?,,649,n,,,?,?,Kellingley,,,,,,,,,,,,,,,,,,,,,,,Kellingley,,,,,,,,,,,,,,,,,,,,,,
,Kellingley,,SE,453300,421550,Burley1984currently_pg51_from_161,,NCB,,yn,VST,,,1?,,720,n,,,?,?,Kellingley,,,,,,,,,,,,,,,,,,,,,,,Kellingley,,,,,,,,,,,,,,,,,,,,,,
,Peckfield,,SE,450820,432350,Burley1984currently_pg51_from_161,,NCB,,yn,VST,,,1?,,305,n,,,?,?,Peckfield,,,,,,,,,,,,,,,,,,,,,,,Peckfield,,,,,,,,,,,,,,,,,,,,,,
,Fryston,,SE,449730,426330,Burley1984currently_pg51_from_161,,NCB,,yn,VST,,,1?,,595,n,,,?,?,Fryston,,,,,,,,,,,,,,,,,,,,,,,Fryston,,,,,,,,,,,,,,,,,,,,,,
,Brodsworth Colliery,,SE,452500,407500,Burley1984currently_pg52_from_161,,Graham1922 (see Farr spreadsheet),,yn,CFM,,,6?,,778,n,,,,1920,Brodsworth Colliery,,,,,,,,,,,,,,,,,,,,,,,Brodsworth Colliery,,,,,,,,,,,,,,,,,,,,,,
,Hatfield Colliery,,SE,465300,411200,Burley1984currently_pg52_from_161,,Graham1922 (see Farr spreadsheet),,yn,CFM,,,4?,4,739,n,,,,1921,Hatfield Colliery,,,,,,,,,,,,,,,,,,,,,,,Hatfield Colliery,,,,,,,,,,,,,,,,,,,,,,
,Bentley Colliery,,SE,457000,407500,Burley1984currently_pg52_from_161,,Graham1922(seeFarrspreadsheet),,yn,CFM,,,4?,,661,n,,,,1921,Bentley Colliery,,,,,,,,,,,,,,,,,,,,,,,Bentley Colliery,,,,,,,,,,,,,,,,,,,,,,
,Weeton No. 1,,SE,429810,446380,Rollin1987currently_pg32_from_94,,,,y,,BHT/HOR,,11,10,1980,n,,,1984,1984,Weeton No. 1,,,,,,,,,,,,,,,,,,,,,,,Weeton No. 1,,,,,,,,,,,,,,,,,,,,,,
,Hatfield Moors 2,,SE,471740,406750,Rollin1987currently_pg33_from_94,,,,y,,BHT,,2,,516,n,,,1983,1983,Hatfield Moors 2,,,,,,,,,,,,,,,,,,,,,,,Hatfield Moors 2,,,,,,,,,,,,,,,,,,,,,,
,Hatfield Moors 3,,SE,470380,406670,Rollin1987currently_pg33_from_94,,,,y,,BHT/HOR,,13,12,1525,n,,,1983,1983,Hatfield Moors 3,,,,,,,,,,,,,,,,,,,,,,,Hatfield Moors 3,,,,,,,,,,,,,,,,,,,,,,
,Broughton B1,,SE,494630,410760,Rollin1987currently_pg33_from_94,,,,y,,BHT,,9,,1920,n,,,1984,1984,Broughton B1,,,,,,,,,,,,,,,,,,,,,,,Broughton B1,,,,,,,,,,,,,,,,,,,,,,
,Hibaldstow 1,,SE,498940,403920,Rollin1987currently_pg33_from_94,,,,y,,BHT/HOR,,7,7,1866,n,,,1984,1984,Hibaldstow 1,,,,,,,,,,,,,,,,,,,,,,,Hibaldstow 1,,,,,,,,,,,,,,,,,,,,,,
,Kirk Smeaton 1,,SE,451140,416100,Rollin1987currently_pg33_from_94,,,,y,,BHT/HOR,,8,8,1636,n,,,1985,1985,Kirk Smeaton 1,,,,,,,,,,,,,,,,,,,,,,,Kirk Smeaton 1,,,,,,,,,,,,,,,,,,,,,,
,Kirby Misperton 1,,SE,477110,478930,Rollin1987currently_pg34_from_94,,,,y,,BHT/HOR,,12,14,3420,n,,,1985,1985,Kirby Misperton 1,,,,,SE77NE/000,,,,,,,,,,,,,,,,,,Kirby Misperton 1,,,,,,,,,,,,,,,,,,,,,,
,Crosby Warren 1,,SE,491220,412870,Rollin1987currently_pg34_from_94,,,,y,,BHT,,5,,1852,n,,,1986,1986,Crosby Warren 1,,,,,,,,,,,,,,,,,,,,,,,Crosby Warren 1,,,,,,,,,,,,,,,,,,,,,,
,Broomfleet 1,,SE,489320,427710,Rollin1987currently_pg34_from_94,,,,y,,BHT/HOR,,5,6,2025,n,,,1986,1986,Broomfleet 1,,,,,,,,,,,,,,,,,,,,,,,Broomfleet 1,,,,,,,,,,,,,,,,,,,,,,
,Broomfleet 1,,SE,489320,427710,Rollin1987currently_pg34_from_94,,,,y,,DST,,2,,856,n,,,1986,1986,Broomfleet 1,,,,,,,,,,,,,,,,,,,,,,,Broomfleet 1,,,,,,,,,,,,,,,,,,,,,,
,Spaldington 1,,SE,479270,432450,Rollin1987currently_pg34_from_94,,,,y,,BHT,,1,,1507,n,,,1986,1986,Spaldington 1,,,,,,,,,,,,,,,,,,,,,,,Spaldington 1,,,,,,,,,,,,,,,,,,,,,,
,Harewood,,SE,432170,444040,Gebski1987,Gebski1987,,,y,,,EQM,90,,271,y,54,306,,,Harewood,,,,,,,,,,,,,,,,,,,,,,,Harewood,,,,,,,,,,,,,,,,,,,,,,
,Market Weighton,,SE,485950,434680,Gebski1987,Gebski1987,,,y,,,EQM,99,,297,y,47,299,,,Market Weighton,,,,,,,,,,,,,,,,,,,,,,,Market Weighton,,,,,,,,,,,,,,,,,,,,,,
,Market Weighton,,SE,485950,434680,Rollin1987currently_pg32_from_94,Gebski1987,BGS,,y,,BHT,,1,,162,y,47,299,1985,1985,Market Weighton,,,,,,,,,,,,,,,,,,,,,,,Market Weighton,,,,,,,,,,,,,,,,,,,,,,
,Towthorpe,,SE,461800,459100,Burley1984_pg128from161,,Oxburgh1982,,yn,,,,,,,n,,,,,Towthorpe,,,,,,,,,,,,,,,,,,,,,,,Towthorpe,,,,,,,,,,,,,,,,,,,,,,
%,%,,,,,,,,,,,,,,,,,,,,,%,,,,,,,,,,,,,,,,,,,,,,,%,,,,,,,,,,,,,,,,,,,,,,
,Cleethorpes No. 1,,TA,530240,407090,Gebski1987,Gebski1987,,,y,,,EQM,186,,1850,y,89,1870,,,Cleethorpes No. 1,,,,,,,,,,,,,,,,,,,,,,,Cleethorpes No. 1,,,,,,,,,,,,,,,,,,,,,,
,Cleethorpes No. 1,,TA,530240,407090,Rollin1987currently_pg52_from_94,,,,y,,BHT/HOR,,18,,1912,y,,,1984,1984,Cleethorpes No. 1,,,,,,,,,,,,,,,,,,,,,,,Cleethorpes No. 1,,,,,,,,,,,,,,,,,,,,,,
,Atwick No. 2,,TA,518350,451710,Burley1984currently_pg112_from_161,,,,y,BHT,,,2,,1725,n,,,1973,1973,Atwick No. 2,,,,,,,,,,,,,,,,,,,,,,,Atwick No. 2,,,,,,,,,,,,,,,,,,,,,,
,Barmston No. 1,,TA,515450,460620,Burley1984currently_pg112_from_161,,,,y,BHT,,,3,,1971,n,,,1971,1971,Barmston No. 1,,,,,,,,,,,,,,,,,,,,,,,Barmston No. 1,,,,,,,,,,,,,,,,,,,,,,
,Fordon No. 2,,TA,508690,473600,Burley1984currently_pg112_from_161,,,,y,BHT,,,3,,2445,n,,,1974,1974,Fordon No. 2,,,,,,,,,,,,,,,,,,,,,,,Fordon No. 2,,,,,,,,,,,,,,,,,,,,,,
,Hornsea No. 1,,TA,518460,450620,Burley1984currently_pg112_from_161,,,,y,BHT,,,1,,2060,n,,,1970,1970,Hornsea No. 1,,,,,,,,,,,,,,,,,,,,,,,Hornsea No. 1,,,,,,,,,,,,,,,,,,,,,,
,Hunmanby,,TA,513010,475880,Burley1984currently_pg112_from_161,,Burmah Oil,,y,BHT,,,2,,1719,n,,,1973,1973,Hunmanby,,,,,,,,,,,,,,,,,,,,,,,Hunmanby,,,,,,,,,,,,,,,,,,,,,,
,Hunmanby,,TA,513010,475880,Burley1984currently_pg112_from_161,,Burmah Oil,,y,DST,,,1,,2219,n,,,1973,1973,Hunmanby,,,,,,,,,,,,,,,,,,,,,,,Hunmanby,,,,,,,,,,,,,,,,,,,,,,
,Hunmanby,,TA,513010,475880,Burley1984currently_pg112_from_161,,Burmah Oil,,yn,LOG,,,1?,,2249,n,,,1973,1973,Hunmanby,,,,,,,,,,,,,,,,,,,,,,,Hunmanby,,,,,,,,,,,,,,,,,,,,,,
,Risby No. 1,,TA,501060,435780,Burley1984currently_pg112_from_161,,,,y,BHT,,,1,,1502,n,,,1972,1972,Risby No. 1,,,,,,,,,,,,,,,,,,,,,,,Risby No. 1,,,,,,,,,,,,,,,,,,,,,,
,Tetney Lock,,TA,533250,400900,Burley1984currently_pg112_from_161,,BP,,y,BHT,,,1,,2795,n,,,1963,1963,Tetney Lock,,,,,,,,,,,,,,,,,,,,,,,Tetney Lock,,,,,,,,,,,,,,,,,,,,,,
,Tetney Lock,,TA,533250,400900,Burley1984currently_pg112_from_161,,BP,,y,DST,,,1,,1814,n,,,1963,1963,Tetney Lock,,,,,,,,,,,,,,,,,,,,,,,Tetney Lock,,,,,,,,,,,,,,,,,,,,,,
,Tetney Lock,,TA,533250,400900,Burley1984currently_pg112_from_161,,BP,,yn,LOG,,,2?,,2795,n,,,1963,1963,Tetney Lock,,,,,,,,,,,,,,,,,,,,,,,Tetney Lock,,,,,,,,,,,,,,,,,,,,,,
,Winestead No. 1,,TA,527410,424330,Burley1984currently_pg113_from_161,,,,y,BHT,,,1,,2002,n,,,1972,1972,Winestead No. 1,,,,,,,,,,,,,,,,,,,,,,,Winestead No. 1,,,,,,,,,,,,,,,,,,,,,,
,Fordon No. 1,,TA,505820,475700,Burley1984currently_pg113_from_161,,,,y,BHT,,,3,,2304,n,,,1956,1956,Fordon No. 1,,,,,,,,,,,,,,,,,,,,,,,Fordon No. 1,,,,,,,,,,,,,,,,,,,,,,
,Great Hatfield,,TA,519000,443280,Burley1984currently_pg113_from_161,,,,y,BHT,,,2,,2298,n,,,1971,1971,Great Hatfield,,,,,,,,,,,,,,,,,,,,,,,Great Hatfield,,,,,,,,,,,,,,,,,,,,,,
,Atwick No. 5,,TA,518150,451770,Burley1984currently_pg113_from_161,,,,y,BHT,,,1,,1870,n,,,1980,1980,Atwick No. 5,,,,,,,,,,,,,,,,,,,,,,,Atwick No. 5,,,,,,,,,,,,,,,,,,,,,,
,Atwick No. 5,,TA,518150,451770,Burley1984currently_pg113_from_161,,British Gas Corporation,,yn,LOG,,,1?,,866,n,,,1980,1980,Atwick No. 5,,,,,,,,,,,,,,,,,,,,,,,Atwick No. 5,,,,,,,,,,,,,,,,,,,,,,
,Atwick No. 4,,TA,517260,451770,Burley1984currently_pg113_from_161,,,,y,BHT,,,3,,1817,n,,,1980,1980,Atwick No. 4,,,,,,,,,,,,,,,,,,,,,,,Atwick No. 4,,,,,,,,,,,,,,,,,,,,,,
,Atwick No. 3,,TA,517790,451860,Burley1984currently_pg113_from_161,,,,y,BHT,,,4,,1903,n,,,1976,1976,Atwick No. 3,,,,,,,,,,,,,,,,,,,,,,,Atwick No. 3,,,,,,,,,,,,,,,,,,,,,,
,Brigg No. 1,,TA,503770,406390,Burley1984currently_pg113_from_161,,,,y,BHT,,,5,,1930,n,,,?,?,Brigg No. 1,,,,,,,,,,,,,,,,,,,,,,,Brigg No. 1,,,,,,,,,,,,,,,,,,,,,,
,Brigg No. 2,,TA,503780,406390,Burley1984currently_pg113_from_161,,,,y,BHT,,,2,,1991,n,,,1983,1983,Brigg No. 2,,,,,,,,,,,,,,,,,,,,,,,Brigg No. 2,,,,,,,,,,,,,,,,,,,,,,
,Brigg No. 2,,TA,503780,406390,Rollin1987currently_pg51_from_94,,,,y,,BHT/HOR,,6,,1742,n,,,1983,1983,Brigg No. 2,,,,,,,,,,,,,,,,,,,,,,,Brigg No. 2,,,,,,,,,,,,,,,,,,,,,,
,Atwick No. 7,,TA,518470,451330,Rollin1987currently_pg52_from_94,,,,y,,BHT,,2,,1896,n,,,1984,1984,Atwick No. 7,,,,,,,,,,,,,,,,,,,,,,,Atwick No. 7,,,,,,,,,,,,,,,,,,,,,,
,Atwick No. 8,,TA,517850,451060,Rollin1987currently_pg52_from_94,,,,y,,BHT,,2,,1892,n,,,1984,1984,Atwick No. 8,,,,,,,,,,,,,,,,,,,,,,,Atwick No. 8,,,,,,,,,,,,,,,,,,,,,,
,Rudston 1,,TA,509340,466320,Rollin1987currently_pg52_from_94,,,,y,,BHT/HOR,,5,5,2517,n,,,1984,1984,Rudston 1,,,,,,,,,,,,,,,,,,,,,,,Rudston 1,,,,,,,,,,,,,,,,,,,,,,
%,%,,,,,,,,,,,,,,,,,,,,,,,,,,,,,,,,,,,,,,,,,,,,,,,,,,,,,,,,,,,,,,,,,,
%,%,,,,,,,,,,,,,,,,,,,,,,,,,,,,,,,,,,,,,,,,,,,,,,,,,,,,,,,,,,,,,,,,,,
%,%,,,,,,,,,,,,,,,,,,,,,,,,,,,,,,,,,,,,,,,,,,,,,,,,,,,,,,,,,,,,,,,,,,
%,%,,,,,,,,,,,,,,,,,,,,,,,,,,,,,,,,,,,,,,,,,,,,,,,,,,,,,,,,,,,,,,,,,,
%,"TGS boreholes within National Grid squares NT, NU, NY, NZ, SD, SE, TA - check which ones overlap with other measurements",,,,,,,,,,,,,,,,,,,,,,,,,,,,,,,,,,,,,,,,,,,,,,,,,,,,,,,,,,,,,,,,,,
%,Onshore,,,,,,,,,,,,,,,,,,,,,,,,,,,,,,,,,,,,,,,,,,,,,,,,,,,,,,,,,,,,,,,,,,
%,Kelty Bridge 1,,,,,,,,,,,,,,,,,,,,,,,,,,,,,,,,,,,,,,,,,,,,,,,,,,,,,,,,,,,,,,,,,,
%,South Fod 4,,,,,,,,,,,,,,,,,,,,,,,,,,,,,,,,,,,,,,,,,,,,,,,,,,,,,,,,,,,,,,,,,,
%,Cousland 5,,,,,,,,,,,,,,,,,,,,,Cloughton No. 1,,,,,SE99NE5 (BHC_135474),,,,,,CLOUGHTON 1,,,,,,,,,,,,Cloughton No. 1,,,,,,,,,,,,,,,,,,,,,,
%,Roosecote 1,,,,,,,,,,,,,,,,,,,,,Kirby Misperton No. 2,,,,,SE77NE18 (BHC_125950),Confidential,,,,,KIRBY MISPERTON 2,,,,,,,,,,,,Kirby Misperton No. 2,,,,,,,,,,,,,,,,,,,,,,
%,Clitheroe,,,,,,,,,,,,,,,,,,,,,High Ings Barn,,,,,SD86SE8 (BHO_32756),http://scans.bgs.ac.uk/sobi_scans/boreholes/32756/images/10046700.html,,,,,HIGH INGS BARN,,,,,,,,,,,,High Ings Barn,,,,,,,,,,,,,,,,,,,,,,
%,Boulsworth 1,,,,,,,,,,,,,,,,,,,,,41/20-1,41/20-1,,,,,,,,,,,,,,,,,,,,,,41/20-1,,,,,,,,,,,,,,,,,,,,,,
%,High Ings Barn,,,,,,,,,,,,,,,,,,,,,41/20-2,41/20-2,,,,,,,,,,,,,,,,,,,,,,41/20-2,,,,,,,,,,,,,,,,,,,,,,
%,Seal Sands 1,,,,,,,,,,,,,,,,,,,,,41/25-1,41/25-1,,,,,,,,,,,,,,,,,,,,,,41/25-1,,,,,,,,,,,,,,,,,,,,,,
%,Kirby Misperton No. 2,,,,,,,,,,,,,,,,,,,,,Timpanheck,,TIMPANHECK,,,NY37SW2 (BHO_610299),http://scans.bgs.ac.uk/sobi_scans/boreholes/610299/images/12438429.html,,,,,,,,,,,,,,,,,Timpanheck,,,,,,,,,,,,,,,,,,,,,,
%,Cloughton No. 1,,,,,,,,,,,,,,,,,,,,,,,,,,,,,,,,,,,,,,,,,,,,,,,,,,,,,,,,,,,,,,,,,,
%,Wykeham 1,,,,,,,,,,,,,,,,,,,,,,,,,,,,,,,,,,,,,,,,,,,,,,,,,,,,,,,,,,,,,,,,,,
%,Lockton East 1,,,,,,,,,,,,,,,,,,,,,,,,,,,,,,,,,,,,,,,,,,,,,,,,,,,,,,,,,,,,,,,,,,
%,Hunmanby 1,,,,,,,,,,,,,,,,,,,,,,,,,,,,,,,,,,,,,,,,,,,,,,,,,,,,,,,,,,,,,,,,,,
%,Caythorpe 1,,,,,,,,,,,,,,,,,,,,,,,,,,,,,,,,,,,,,,,,,,,,,,,,,,,,,,,,,,,,,,,,,,
%,Langtoft 1,,,,,,,,,,,,,,,,,,,,,,,,,,,,,,,,,,,,,,,,,,,,,,,,,,,,,,,,,,,,,,,,,,
%,Barmston 1,,,,,,,,,,,,,,,,,,,,,,,,,,,,,,,,,,,,,,,,,,,,,,,,,,,,,,,,,,,,,,,,,,
%,Cleethorpes 1,,,,,,,,,,,,,,,,,,,,,,,,,,,,,,,,,,,,,,,,,,,,,,,,,,,,,,,,,,,,,,,,,,
%,Hatfield Moors 1,,,,,,,,,,,,,,,,,,,,,,,,,,,,,,,,,,,,,,,,,,,,,,,,,,,,,,,,,,,,,,,,,,
%,Warmsworth 1,,,,,,,,,,,,,,,,,,,,,,,,,,,,,,,,,,,,,,,,,,,,,,,,,,,,,,,,,,,,,,,,,,
%,Trumfleet 3,,,,,,,,,,,,,,,,,,,,,,,,,,,,,,,,,,,,,,,,,,,,,,,,,,,,,,,,,,,,,,,,,,
%,,,,,,,,,,,,,,,,,,,,,,,,,,,,,,,,,,,,,,,,,,,,,,,,,,,,,,,,,,,,,,,,,,,
%,,,,,,,,,,,,,,,,,,,,,,,,,,,,,,,,,,,,,,,,,,,,,,,,,,,,,,,,,,,,,,,,,,,
%,Offshore,,,,,,,,,,,,,,,,,,,,,,,,,,,,,,,,,,,,,,,,,,,,,,,,,,,,,,,,,,,,,,,,,,
%,41/20-1,,,,,,,,,,,,,,,,,,,,,,,,,,,,,,,,,,,,,,,,,,,,,,,,,,,,,,,,,,,,,,,,,,
%,42/29-4,,,,,,,,,,,,,,,,,,,,,,,,,,,,,,,,,,,,,,,,,,,,,,,,,,,,,,,,,,,,,,,,,,
%,42/30-1,,,,,,,,,,,,,,,,,,,,,,,,,,,,,,,,,,,,,,,,,,,,,,,,,,,,,,,,,,,,,,,,,,
%,42/30-2,,,,,,,,,,,,,,,,,,,,,,,,,,,,,,,,,,,,,,,,,,,,,,,,,,,,,,,,,,,,,,,,,,
%,42/30-3,,,,,,,,,,,,,,,,,,,,,,,,,,,,,,,,,,,,,,,,,,,,,,,,,,,,,,,,,,,,,,,,,,
%,42/30-3Z,,,,,,,,,,,,,,,,,,,,,,,,,,,,,,,,,,,,,,,,,,,,,,,,,,,,,,,,,,,,,,,,,,
%,42/30-4,,,,,,,,,,,,,,,,,,,,,,,,,,,,,,,,,,,,,,,,,,,,,,,,,,,,,,,,,,,,,,,,,,
%,42/30-5,,,,,,,,,,,,,,,,,,,,,,,,,,,,,,,,,,,,,,,,,,,,,,,,,,,,,,,,,,,,,,,,,,
%,42/30-6,,,,,,,,,,,,,,,,,,,,,,,,,,,,,,,,,,,,,,,,,,,,,,,,,,,,,,,,,,,,,,,,,,
%,42/30-7,,,,,,,,,,,,,,,,,,,,,,,,,,,,,,,,,,,,,,,,,,,,,,,,,,,,,,,,,,,,,,,,,,
%,42/30-B9,,,,,,,,,,,,,,,,,,,,,,,,,,,,,,,,,,,,,,,,,,,,,,,,,,,,,,,,,,,,,,,,,,
%,42/30-A6,,,,,,,,,,,,,,,,,,,,,,,,,,,,,,,,,,,,,,,,,,,,,,,,,,,,,,,,,,,,,,,,,,
%,43/26-1,,,,,,,,,,,,,,,,,,,,,,,,,,,,,,,,,,,,,,,,,,,,,,,,,,,,,,,,,,,,,,,,,,
%,43/26-4,,,,,,,,,,,,,,,,,,,,,,,,,,,,,,,,,,,,,,,,,,,,,,,,,,,,,,,,,,,,,,,,,,
%,43/26-6,,,,,,,,,,,,,,,,,,,,,,,,,,,,,,,,,,,,,,,,,,,,,,,,,,,,,,,,,,,,,,,,,,
%,47/03C-3,,,,,,,,,,,,,,,,,,,,,,,,,,,,,,,,,,,,,,,,,,,,,,,,,,,,,,,,,,,,,,,,,,
%,47/03B-6A,,,,,,,,,,,,,,,,,,,,,,,,,,,,,,,,,,,,,,,,,,,,,,,,,,,,,,,,,,,,,,,,,,
%,47/03-C8,,,,,,,,,,,,,,,,,,,,,,,,,,,,,,,,,,,,,,,,,,,,,,,,,,,,,,,,,,,,,,,,,,
%,47/09-1,,,,,,,,,,,,,,,,,,,,,,,,,,,,,,,,,,,,,,,,,,,,,,,,,,,,,,,,,,,,,,,,,,
%,47/10-1,,,,,,,,,,,,,,,,,,,,,,,,,,,,,,,,,,,,,,,,,,,,,,,,,,,,,,,,,,,,,,,,,,
%,47/14A-9,,,,,,,,,,,,,,,,,,,,,,,,,,,,,,,,,,,,,,,,,,,,,,,,,,,,,,,,,,,,,,,,,,
%,47/13A-3,,,,,,,,,,,,,,,,,,,,,,,,,,,,,,,,,,,,,,,,,,,,,,,,,,,,,,,,,,,,,,,,,,
%,47/14A-2,,,,,,,,,,,,,,,,,,,,,,,,,,,,,,,,,,,,,,,,,,,,,,,,,,,,,,,,,,,,,,,,,,
%,47/15-1,,,,,,,,,,,,,,,,,,,,,,,,,,,,,,,,,,,,,,,,,,,,,,,,,,,,,,,,,,,,,,,,,,
%,,,,,,,,,,,,,,,,,,,,,,,,,,,,,,,,,,,,,,,,,,,,,,,,,,,,,,,,,,,,,,,,,,,
%,,,,,,,,,,,,,,,,,,,,,,,,,,,,,,,,,,,,,,,,,,,,,,,,,,,,,,,,,,,,,,,,,,,
%,"CGG boreholes within National Grid squares NT, NU, NY, NZ, SD, SE, TA - still to fill in",,,,,,,,,,,,,,,,,,,,,,,,,,,,,,,,,,,,,,,,,,,,,,,,,,,,,,,,,,,,,,,,,,
%,Offshore,,,,,,,,,,,,,,,,,,,,,,,,,,,,,,,,,,,,,,,,,,,,,,,,,,,,,,,,,,,,,,,,,,
%,41/08-1,,,,,,,,,,,,,,,,,,,,,,,,,,,,,,,,,,,,,,,,,,,,,,,,,,,,,,,,,,,,,,,,,,
%,,,,,,,,,,,,,,,,,,,,,,,,,,,,,,,,,,,,,,,,,,,,,,,,,,,,,,,,,,,,,,,,,,,
%,,,,,,,,,,,,,,,,,,,,,,,,,,,,,,,,,,,,,,,,,,,,,,,,,,,,,,,,,,,,,,,,,,,
%,,,,,,,,,,,,,,,,,,,,,,,,,,,,,,,,,,,,,,,,,,,,,,,,,,,,,,,,,,,,,,,,,,,
%,,,,,,,,,,,,,,,,,,,,,,,,,,,,,,,,,,,,,,,,,,,,,,,,,,,,,,,,,,,,,,,,,,,
%,Strata temperatures from Gareth Farr spreadsheet that aren't in BGS catalogue,,,,,,,,,,,,,,,,,,,,,,,,,,,,,,,,,,,,,,,,,,,,,,,,,,,,,,,,,,,,,,,,,,
%,Brayton Dom Colliery,,313910,540710,,,,,,,,,,,,,,,,,,,,,,,,,,,,,,,,,,,,,,,,,,,,,,,,,,,,,,,,,,,,,,,
%,,,,,,,,,,,,,,,,,,,,,,,,,,,,,,,,,,,,,,,,,,,,,,,,,,,,,,,,,,,,,,,,,,,
%,,,,,,,,,,,,,,,,,,,,,,,,,,,,,,,,,,,,,,,,,,,,,,,,,,,,,,,,,,,,,,,,,,,
%,,,,,,,,,,,,,,,,,,,,,,,,,,,,,,,,,,,,,,,,,,,,,,,,,,,,,,,,,,,,,,,,,,,
%,                           ,,,,,,,,,,,,,,,,,,,,,,,,,,,,,,,,,,,,,,,,,,,,,,,,,,,,,,,,,,,,,,,,,,
%,,,,,,,,,,,,,,,,,,,,,,,,,,,,,,,,,,,,,,,,,,,,,,,,,,,,,,,,,,,,,,,,,,,
%,,,,,,,,,,,,,,,,,,,,,,,,,,,,,,,,,,,,,,,,,,,,,,,,,,,,,,,,,,,,,,,,,,,
%,Other:,,,,,,,,,,,,,,,,,,,,,,,,,,,,,,,,,,,,,,,,,,,,,,,,,,,,,,,,,,,,,,,,,,
%,41/20-2,,,,,,,,,,,,,,,,,,,,,,,,,,,,,,,,,,,,,,,,,,,,,,,,,,,,,,,,,,,,,,,,,,
%,41/25-1,,,,,,,,,,,,,,,,,,,,,,,,,,,,,,,,,,,,,,,,,,,,,,,,,,,,,,,,,,,,,,,,,,
%,Timpanheck,,NY,332207,574677,,,,,,,,,,,,,,,,,,,,,,,,,,,,,,,,,,,,,,,,,,,,,,,,,,,,,,,,,,,,,,
%,,,,,,,,,,,,,,,,,,,,,,,,,,,,,,,,,,,,,,,,,,,,,,,,,,,,,,,,,,,,,,,,,,,
%,,,,,,,,,,,,,,,,,,,,,,,,,,,,,,,,,,,,,,,,,,,,,,,,,,,,,,,,,,,,,,,,,,,
%,Prestwich measurements,,,,,,,,,,,,,,,,,,,,,,,,,,,,,,,,,,,,,,,,,,,,,,,,,,,,,,,,,,,,,,,,,,
%,"Whitehaven, Cumbria",1 point,"source: R. Bald, Phil. Jour. P135 (1819)",,,,,,,,,,,,,,,,,,,,,,,,,,,,,,,,,,,,,,,,,,,,,,,,,,,,,,,,,,,,,,,,
%,"Workington, Cumbria",1 point,"source: R. Bald, Phil. Jour. P135 (1819)",,,,,,,,,,,,,,,,,,,,,,,,,,,,,,,,,,,,,,,,,,,,,,,,,,,,,,,,,,,,,,,,
%,"Percy Main, Northumberland",1 point,"source: R. Bald, Phil. Jour. P135 (1819)",,,,,,,,,,,,,,,,,,,,,,,,,,,,,,,,,,,,,,,,,,,,,,,,,,,,,,,,,,,,,,,,
%,"Northumberland, Killingworth",1 point,"source: R. Bald, Phil. Jour. P135 (1819)",,,,,,,,,,,,,,,,,,,,,,,,,,,,,,,,,,,,,,,,,,,,,,,,,,,,,,,,,,,,,,,,
%,"Sunderland, Monkwearmouth",1 point,"source: Phillips, 1834",,,,,,,,,,,,,,,,,,,,,,,,,,,,,,,,,,,,,,,,,,,,,,,,,,,,,,,,,,,,,,,,
%,"Pendleton Colliery, Manchester",4 points,"source: Coal Commission Report, 1871. pgs. 90, 192, 199",,,,,,,,,,,,,,,,,,,,,,,,,,,,,,,,,,,,,,,,,,,,,,,,,,,,,,,,,,,,,,,,
%,"Norley Coal Company, Wigan",4 points,"source: Coal Commission Report, 1871. pg 104",,,,,,,,,,,,,,,,,,,,,,,,,,,,,,,,,,,,,,,,,,,,,,,,,,,,,,,,,,,,,,,,
%,"Hetton Colliery, Durham",7 points,"source: Coal Commission Report, 1871. pg 123",,,,,,,,,,,,,,,,,,,,,,,,,,,,,,,,,,,,,,,,,,,,,,,,,,,,,,,,,,,,,,,,
%,"South Hetton Colliery, Durham",3 points,"source: Coal Commission Report, 1871. pg 123",,,,,,,,,,,,,,,,,,,,,,,,,,,,,,,,,,,,,,,,,,,,,,,,,,,,,,,,,,,,,,,,
%,"Rosebridge Colliery, Wigan",13 points,"source: Coal Commission Report, 1871. pg 143 and 188",,,,,,,,,,,,,,,,,,,,,,,,,,,,,,,,,,,,,,,,,,,,,,,,,,,,,,,,,,,,,,,,
%,"Sharlston Colliery, Barnsley",1 point,"source: Coal Commission Report, 1871. pg 157",,,,,,,,,,,,,,,,,,,,,,,,,,,,,,,,,,,,,,,,,,,,,,,,,,,,,,,,,,,,,,,,
%,"Victoria Colliery, Wakefield",1 point,"source: Coal Commission Report, 1871. pg 157",,,,,,,,,,,,,,,,,,,,,,,,,,,,,,,,,,,,,,,,,,,,,,,,,,,,,,,,,,,,,,,,
%,"Worthington Colliery, Lancashire",1 point,"source: Coal Commission Report, 1871. pg 194",,,,,,,,,,,,,,,,,,,,,,,,,,,,,,,,,,,,,,,,,,,,,,,,,,,,,,,,,,,,,,,,
%,"Ram's Mine, Pendleton Colliery, Lancashire",4 points,"source: Coal Commission Report, 1871. pg 199",,,,,,,,,,,,,,,,,,,,,,,,,,,,,,,,,,,,,,,,,,,,,,,,,,,,,,,,,,,,,,,,
%,"Rosebridge, near Wigan",5 points,,new measurement?,,,,,,,,,,,,,,,,,,,,,,,,,,,,,,,,,,,,,,,,,,,,,,,,,,,,,,,,,,,,,,,
%,"Allanheads, Northumberland (Gin Hill Shaft)",3 points,,new measurements? Unreliable as shaft filled with water,,,,,,,,,,,,,,,,,,,,,,,,,,,,,,,,,,,,,,,,,,,,,,,,,,,,,,,,,,,,,,,
%,"Allanheads, Northumberland (High Engine Shaft)",1 point,,new measurements? Unreliable as shaft filled with water,,,,,,,,,,,,,,,,,,,,,,,,,,,,,,,,,,,,,,,,,,,,,,,,,,,,,,,,,,,,,,,
%,"Allanheads, Weardale, Slit Mine",1 point,,new measurements? Unreliable as shaft filled with water,,,,,,,,,,,,,,,,,,,,,,,,,,,,,,,,,,,,,,,,,,,,,,,,,,,,,,,,,,,,,,,
%,"Allanheads, Breckonhill Shaft",1 point,,new measurements? Unreliable as shaft filled with water,,,,,,,,,,,,,,,,,,,,,,,,,,,,,,,,,,,,,,,,,,,,,,,,,,,,,,,,,,,,,,,
%,"Durham, South Hetton Colliery",3 points,"Source: Everett, 1972.",,,,,,,,,,,,,,,,,,,,,,,,,,,,,,,,,,,,,,,,,,,,,,,,,,,,,,,,,,,,,,,,
%,"Bootle, Liverpool",,,,,,,,,,,,,,,,,,,,,,,,,,,,,,,,,,,,,,,,,,,,,,,,,,,,,,,,,,,,,,,,,,
%,"Manchester, Ashton Moss",,,,,,,,,,,,,,,,,,,,,,,,,,,,,,,,,,,,,,,,,,,,,,,,,,,,,,,,,,,,,,,,,,
%,Scarborough,1 point,Source: Sixth Report of Rivers' Pollution Commission,,,,,,,,,,,,,,,,,,,,,,,,,,,,,,,,,,,,,,,,,,,,,,,,,,,,,,,,,,,,,,,,
%,"North Seaton, Newcastle",1 point,"source: Everett, 1883",,,,,,,,,,,,,,,,,,,,,,,,,,,,,,,,,,,,,,,,,,,,,,,,,,,,,,,,,,,,,,,,
%,"Ashton Moss Colliery, Manchester",1 point,,new measurement?,,,,,,,,,,,,,,,,,,,,,,,,,,,,,,,,,,,,,,,,,,,,,,,,,,,,,,,,,,,,,,,
%,"Croft, Whitehaven",1 point,"source: Everett, 1882",,,,,,,,,,,,,,,,,,,,,,,,,,,,,,,,,,,,,,,,,,,,,,,,,,,,,,,,,,,,,,,,
%,"Denton, Manchester",1 point,"source: Everett, 1882",,,,,,,,,,,,,,,,,,,,,,,,,,,,,,,,,,,,,,,,,,,,,,,,,,,,,,,,,,,,,,,,
%,,,,,,,,,,,,,,,,,,,,,,,,,,,,,,,,,,,,,,,,,,,,,,,,,,,,,,,,,,,,,,,,,,,
%,,,,,,,,,,,,,,,,,,,,,,,,,,,,,,,,,,,,,,,,,,,,,,,,,,,,,,,,,,,,,,,,,,,
%,,,,,,,,,,,,,,,,,,,,,,,,,,,,,,,,,,,,,,,,,,,,,,,,,,,,,,,,,,,,,,,,,,,
%,,,,,,,,,,,,,,,,,,,,,,,,,,,,,,,,,,,,,,,,,,,,,,,,,,,,,,,,,,,,,,,,,,,
%,Confidential BGS boreholes to ask for:,,,,,,,,,,,,,,,,,,,,,,,,,,,,,,,,,,,,,,,,,,,,,,,,,,,,,,,,,,,,,,,,,,
%,NZ71NE18 (BHC_620323),Staithes S2,,,,,,,,,,,,,,,,,,,,,,,,,,,,,,,,,,,,,,,,,,,,,,,,,,,,,,,,,,,,,,,,,
%,NZ71NE17 (BHC_620322),Staithes S3,,,,,,,,,,,,,,,,,,,,,,,,,,,,,,,,,,,,,,,,,,,,,,,,,,,,,,,,,,,,,,,,,
%,NZ61NW6 (BHC_629896),Tocketts 1,,,,,,,,,,,,,,,,,,,,,,,,,,,,,,,,,,,,,,,,,,,,,,,,,,,,,,,,,,,,,,,,,
%,NY93NW97 (15608898),Eastgate,,,,,,,,,,,,,,,,,,,,,,,,,,,,,,,,,,,,,,,,,,,,,,,,,,,,,,,,,,,,,,,,,
%,,Harton Dome,,,,,,,,,,,,,,,,,,,,,,,,,,,,,,,,,,,,,,,,,,,,,,,,,,,,,,,,,,,,,,,,,
%,"	NZ52SE218 (18275483)",Kirkleatham No. 4,,,,,,,,,,,,,,,,,,,,,,,,,,,,,,,,,,,,,,,,,,,,,,,,,,,,,,,,,,,,,,,,,
%,,Brafferton,,,,,,,,,,,,,,,,,,,,,,,,,,,,,,,,,,,,,,,,,,,,,,,,,,,,,,,,,,,,,,,,,
%,,Errington,,,,,,,,,,,,,,,,,,,,,,,,,,,,,,,,,,,,,,,,,,,,,,,,,,,,,,,,,,,,,,,,,
%,,Newell Glassworks,,,,,,,,,,,,,,,,,,,,,,,,,,,,,,,,,,,,,,,,,,,,,,,,,,,,,,,,,,,,,,,,,
%,,Silksworth Colliery 2,,,,,,,,,,,,,,,,,,,,,,,,,,,,,,,,,,,,,,,,,,,,,,,,,,,,,,,,,,,,,,,,,
%,,Longhorsley,,,,,,,,,,,,,,,,,,,,,,,,,,,,,,,,,,,,,,,,,,,,,,,,,,,,,,,,,,,,,,,,,
%,,Westoe Crown Shaft,,,,,,,,,,,,,,,,,,,,,,,,,,,,,,,,,,,,,,,,,,,,,,,,,,,,,,,,,,,,,,,,,
%,,Allenheads No. ?,,,,,,,,,,,,,,,,,,,,,,,,,,,,,,,,,,,,,,,,,,,,,,,,,,,,,,,,,,,,,,,,,
%,,Raydale?,,,,,,,,,,,,,,,,,,,,,,,,,,,,,,,,,,,,,,,,,,,,,,,,,,,,,,,,,,,,,,,,,
%,,Seal Sands?,,,,,,,,,,,,,,,,,,,,,,,,,,,,,,,,,,,,,,,,,,,,,,,,,,,,,,,,,,,,,,,,,
%,NY15SW1 (BHC_624255),Silloth 1A ,,,,,,,,,,,,,,,,,,,,,,,,,,,,,,,,,,,,,,,,,,,,,,,,,,,,,,,,,,,,,,,,,
%,,Staithes S1,,,,,,,,,,,,,,,,,,,,,,,,,,,,,,,,,,,,,,,,,,,,,,,,,,,,,,,,,,,,,,,,,
%,,Throckley,,,,,,,,,,,,,,,,,,,,,,,,,,,,,,,,,,,,,,,,,,,,,,,,,,,,,,,,,,,,,,,,,
%,,,,,,,,,,,,,,,,,,,,,,,,,,,,,,,,,,,,,,,,,,,,,,,,,,,,,,,,,,,,,,,,,,,
%,,,,,,,,,,,,,,,,,,,,,,,,,,,,,,,,,,,,,,,,,,,,,,,,,,,,,,,,,,,,,,,,,,,
%,,,,,,,,,,,,,,,,,,,,,,,,,,,,,,,,,,,,,,,,,,,,,,,,,,,,,,,,,,,,,,,,,,,
%,Is it possible to search confidential boreholes for temperature measurements?,,,,,,,,,,,,,,,,,,,,,,,,,,,,,,,,,,,,,,,,,,,,,,,,,,,,,,,,,,,,,,,,,,
%,,,,,,,,,,,,,,,,,,,,,,,,,,,,,,,,,,,,,,,,,,,,,,,,,,,,,,,,,,,,,,,,,,,
%,British Association Report links,,,,,,,,,,,,,,,,,,,,,,,,,,,,,,,,,,,,,,,,,,,,,,,,,,,,,,,,,,,,,,,,,,
%,,,,,,,,,,,,,,,,,,,,,,,,,,,,,,,,,,,,,,,,,,,,,,,,,,,,,,,,,,,,,,,,,,,
%,temperatures,,,,,,,,,,,,,,,,,,,,,,,,,,,,,,,,,,,,,,,,,,,,,,,,,,,,,,,,,,,,,,,,,,
%,everett 1st report,https://archive.org/details/reportofbritisha69brit/page/510/mode/2up,,,,,,,,,,,,,,,,,,,,,,,,,,,,,,,,,,,,,,,,,,,,,,,,,,,,,,,,,,,,,,,,,
%,everett 2nd report,https://archive.org/details/reportofbritisha70brit/page/n293/mode/2up,,,,,,,,,,,,,,,,,,,,,,,,,,,,,,,,,,,,,,,,,,,,,,,,,,,,,,,,,,,,,,,,,
%,everett 3rd report,,,,,,,,,,,,,,,,,,,,,,,,,,,,,,,,,,,,,,,,,,,,,,,,,,,,,,,,,,,,,,,,,,
%,everett 4th report,,,,,,,,,,,,,,,,,,,,,,,,,,,,,,,,,,,,,,,,,,,,,,,,,,,,,,,,,,,,,,,,,,
%,everett 5th report,,,,,,,,,,,,,,,,,,,,,,,,,,,,,,,,,,,,,,,,,,,,,,,,,,,,,,,,,,,,,,,,,,
%,everett 6th report,,,,,,,,,,,,,,,,,,,,,,,,,,,,,,,,,,,,,,,,,,,,,,,,,,,,,,,,,,,,,,,,,,
%,everett 7th report,https://archive.org/details/reportofbritisha76brit/page/n123/mode/2up,,,,,,,,,,,,,,,,,,,,,,,,,,,,,,,,,,,,,,,,,,,,,,,,,,,,,,,,,,,,,,,,,
%,everett 8th report,,,,,,,,,,,,,,,,,,,,,,,,,,,,,,,,,,,,,,,,,,,,,,,,,,,,,,,,,,,,,,,,,,
%,everett 9th report,https://archive.org/details/reportofbritisha77brit/page/n308/mode/2up,,,,,,,,,,,,,,,,,,,,,,,,,,,,,,,,,,,,,,,,,,,,,,,,,,,,,,,,,,,,,,,,,
%,everett 10th report,https://archive.org/details/reportofbritisha78brit/page/n301/mode/2up,,,,,,,,,,,,,,,,,,,,,,,,,,,,,,,,,,,,,,,,,,,,,,,,,,,,,,,,,,,,,,,,,
%,everett 11th report,https://archive.org/details/reportofbritisha79brit/page/178/mode/2up,,,,,,,,,,,,,,,,,,,,,,,,,,,,,,,,,,,,,,,,,,,,,,,,,,,,,,,,,,,,,,,,,
%,everett 12th report,,,,,,,,,,,,,,,,,,,,,,,,,,,,,,,,,,,,,,,,,,,,,,,,,,,,,,,,,,,,,,,,,,
%,everett 13th report,https://archive.org/details/reportofbritisha80brit/page/n111/mode/2up,,,,,,,,,,,,,,,,,,,,,,,,,,,,,,,,,,,,,,,,,,,,,,,,,,,,,,,,,,,,,,,,,
%,everett 14th report,,,,,,,,,,,,,,,,,,,,,,,,,,,,,,,,,,,,,,,,,,,,,,,,,,,,,,,,,,,,,,,,,,
%,everett 15th report,,,,,,,,,,,,,,,,,,,,,,,,,,,,,,,,,,,,,,,,,,,,,,,,,,,,,,,,,,,,,,,,,,
%,everett summary,,,,,,,"locations: whitehaven (cumbria), Denton Colliery (Lancashire), Lye Cross Colliery (Dudley, nr Wolverhampton), ",,,,,,,,,,,,,,,,,,,,,,,,,,,,,,,,,,,,,,,,,,,,,,,,,,,,,,,,,,,
%,,,,,,,,,,,,,,,,,,,,,,,,,,,,,,,,,,,,,,,,,,,,,,,,,,,,,,,,,,,,,,,,,,,
%,,,,,,,,,,,,,,,,,,,,,,,,,,,,,,,,,,,,,,,,,,,,,,,,,,,,,,,,,,,,,,,,,,,
%,conductivities,,,,,,,,,,,,,,,,,,,,,,,,,,,,,,,,,,,,,,,,,,,,,,,,,,,,,,,,,,,,,,,,,,
%,herschel 1st report,https://archive.org/details/reportofbritisha75brit/page/n237/mode/2up,,,,,,,,,,,,,,,,,,,,,,,,,,,,,,,,,,,,,,,,,,,,,,,,,,,,,,,,,,,,,,,,,
%,herschel 2nd report,https://archive.org/details/reportofbritisha76brit/page/n167/mode/2up,,,,,,,,,,,,,,,,,,,,,,,,,,,,,,,,,,,,,,,,,,,,,,,,,,,,,,,,,,,,,,,,,
%,herschel 3rd report,https://archive.org/details/reportofbritisha77brit/page/n111/mode/2up,,,,,,,,,,,,,,,,,,,,,,,,,,,,,,,,,,,,,,,,,,,,,,,,,,,,,,,,,,,,,,,,,
%,herschel 4th report,https://archive.org/details/reportofbritisha78brit/page/n197/mode/2up,,,,,,,,,,,,,,,,,,,,,,,,,,,,,,,,,,,,,,,,,,,,,,,,,,,,,,,,,,,,,,,,,
%,herschel 5th report,https://archive.org/details/reportofbritisha79brit/page/133/mode/2up,,,,,,,,,,,,,,,,,,,,,,,,,,,,,,,,,,,,,,,,,,,,,,,,,,,,,,,,,,,,,,,,,
%,,,,,,,,,,,,,,,,,,,,,,,,,,,,,,,,,,,,,,,,,,,,,,,,,,,,,,,,,,,,,,,,,,,
%,,,,,,,,,,,,,,,,,,,,,,,,,,,,,,,,,,,,,,,,,,,,,,,,,,,,,,,,,,,,,,,,,,,
%,,,,,,,,,,,,,,,,,,,,,,,,,,,,,,,,,,,,,,,,,,,,,,,,,,,,,,,,,,,,,,,,,,,
%,,,,,,,,,,,,,,,,,,,,,,,,,,,,,,,,,,,,,,,,,,,,,,,,,,,,,,,,,,,,,,,,,,,
%,,,,,,,,,,,,,,,,,,,,,,,,,,,,,,,,,,,,,,,,,,,,,,,,,,,,,,,,,,,,,,,,,,,
%,,,,,,,,,,,,,,,,,,,,,,,,,,,,,,,,,,,,,,,,,,,,,,,,,,,,,,,,,,,,,,,,,,,
%,Possible to digitize TGS temperature data?,A2D Technologies?,,,,,,,,,,,,,,,,,,,,,,,,,,,,,,,,,,,,,,,,,,,,,,,,,,,,,,,,,,,,,,,,,
%,Seal Sands temperatures,,,,,,,,,,,,,,,,,,,,,,,,,,,,,,,,,,,,,,,,,,,,,,,,,,,,,,,,,,,,,,,,,,
%,Roosecote,,,,,,,,,,,,,,,,,,,,,,,,,,,,,,,,,,,,,,,,,,,,,,,,,,,,,,,,,,,,,,,,,,
%,,,,,,,,,,,,,,,,,,,,,,,,,,,,,,,,,,,,,,,,,,,,,,,,,,,,,,,,,,,,,,,,,,,
%,,,,,,,,,,,,,,,,,,,,,,,,,,,,,,,,,,,,,,,,,,,,,,,,,,,,,,,,,,,,,,,,,,,
%,,,,,,,,,,,,,,,,,,,,,,,,,,,,,,,,,,,,,,,,,,,,,,,,,,,,,,,,,,,,,,,,,,,
%,,,,,,,,,,,,,,,,,,,,,,,,,,,,,,,,,,,,,,,,,,,,,,,,,,,,,,,,,,,,,,,,,,,